contact_id,first_name,last_name,email,role,member_id,country,primary_contact,joined_at
P00001,Marie,Fischer,marie.fischer@omnisolutions.de,Executive Director,M078,FR,True,2023-05-05
P00002,Sarah,Schwarz,sarah.schwarz@cloudlabs.de,Membership Manager,M055,IT,False,2023-03-16
P00003,Ben,Neumann,ben.neumann@bluebrands.de,Programs Lead,M061,PL,False,2023-08-06
P00004,Paul,Wagner,paul.wagner@novagroup.de,Policy Director,M034,ES,False,2024-10-20
P00005,Felix,Fischer,felix.fischer@brightsolutions.de,Chapter Chair,M053,UK,False,2023-05-21
P00006,Marie,Schäfer,marie.schäfer@cloudmarkets.de,Communications Lead,M079,NL,True,2024-02-12
P00007,Tim,Becker,tim.becker@vistamarkets.de,Operations Manager,M070,CH,False,2023-06-15
P00008,Leon,Wolf,leon.wolf@cloudlogistics.de,Research Analyst,M027,SE,False,2024-03-07
P00009,Mia,Klein,mia.klein@cloudgroup.de,Education Coordinator,M036,NL,False,2023-04-05
P00010,Felix,Schmidt,felix.schmidt@cloudsolutions.de,Advocacy Specialist,M073,DE,False,2024-07-21
P00011,Marie,Schwarz,marie.schwarz@brightmarkets.de,Executive Director,M080,NL,True,2024-01-29
P00012,Nina,Bauer,nina.bauer@pulselabs.de,Membership Manager,M049,NL,False,2023-03-07
P00013,Tom,Schäfer,tom.schäfer@vistabrands.de,Programs Lead,M008,CH,False,2023-03-28
P00014,Laura,Koch,laura.koch@greencapital.de,Policy Director,M042,IT,False,2023-07-05
P00015,Laura,Fischer,laura.fischer@greengroup.de,Chapter Chair,M029,CH,False,2024-11-23
P00016,Laura,Wolf,laura.wolf@novacommerce.de,Communications Lead,M072,CH,True,2024-07-03
P00017,Julia,Zimmermann,julia.zimmermann@hyperlogistics.de,Operations Manager,M026,CH,False,2023-04-02
P00018,Laura,Müller,laura.müller@nordicsystems.de,Research Analyst,M052,NL,False,2024-03-11
P00019,Lena,Koch,lena.koch@cloudpartners.de,Education Coordinator,M045,DE,False,2024-10-11
P00020,Lena,Koch,lena.koch@cloudgroup.de,Advocacy Specialist,M063,ES,False,2024-09-14
P00021,Ben,Weber,ben.weber@summitpartners.de,Executive Director,M069,PL,True,2023-05-05
P00022,Marie,Schmidt,marie.schmidt@greensolutions.de,Membership Manager,M038,DE,False,2024-07-20
P00023,Leon,Koch,leon.koch@cloudgroup.de,Programs Lead,M036,NL,False,2023-05-13
P00024,Max,Schäfer,max.schäfer@cloudmarkets.de,Policy Director,M079,NL,False,2023-06-15
P00025,Laura,Müller,laura.müller@omnipartners.de,Chapter Chair,M011,DE,False,2023-07-26
P00026,Paul,Bauer,paul.bauer@vistabrands.de,Communications Lead,M008,CH,True,2023-07-30
P00027,Paul,Schwarz,paul.schwarz@cloudgroup.de,Operations Manager,M036,NL,False,2024-11-19
P00028,Jonas,Koch,jonas.koch@greengroup.de,Research Analyst,M074,ES,False,2023-01-19
P00029,Laura,Müller,laura.müller@novabrands.de,Education Coordinator,M039,PL,False,2023-01-19
P00030,Julia,Hoffmann,julia.hoffmann@cloudlogistics.de,Advocacy Specialist,M027,SE,False,2024-05-01
P00031,Ben,Schwarz,ben.schwarz@nextsystems.de,Executive Director,M025,NL,True,2024-11-05
P00032,Leon,Zimmermann,leon.zimmermann@vistalabs.de,Membership Manager,M066,NL,False,2024-02-07
P00033,Julia,Bauer,julia.bauer@greengroup.de,Programs Lead,M074,ES,False,2023-08-24
P00034,Nina,Hoffmann,nina.hoffmann@novacommerce.de,Policy Director,M072,CH,False,2024-02-19
P00035,Felix,Müller,felix.müller@cloudcapital.de,Chapter Chair,M043,AT,False,2023-01-15
P00036,Lena,Koch,lena.koch@omnilogistics.de,Communications Lead,M005,AT,True,2023-06-17
P00037,Max,Weber,max.weber@nextgroup.de,Operations Manager,M006,PL,False,2024-06-02
P00038,Paul,Schäfer,paul.schäfer@cloudlabs.de,Research Analyst,M055,IT,False,2023-02-16
P00039,Marie,Becker,marie.becker@nextmarkets.de,Education Coordinator,M051,DE,False,2023-10-03
P00040,Marie,Schmidt,marie.schmidt@greencapital.de,Advocacy Specialist,M042,IT,False,2024-01-08
P00041,Nina,Richter,nina.richter@nextmarkets.de,Executive Director,M051,DE,True,2023-02-05
P00042,Paul,Hoffmann,paul.hoffmann@primecapital.de,Membership Manager,M021,FR,False,2023-07-07
P00043,Anna,Richter,anna.richter@nordicretail.de,Programs Lead,M040,SE,False,2023-03-27
P00044,Tim,Koch,tim.koch@nextmarkets.de,Policy Director,M046,ES,False,2024-11-02
P00045,Mia,Schäfer,mia.schäfer@nordicretail.de,Chapter Chair,M040,SE,False,2023-01-06
P00046,Lena,Koch,lena.koch@nordicsystems.de,Communications Lead,M052,NL,True,2023-05-28
P00047,Sarah,Müller,sarah.müller@greensolutions.de,Operations Manager,M038,DE,False,2023-01-24
P00048,Paul,Bauer,paul.bauer@omnipartners.de,Research Analyst,M011,DE,False,2023-03-28
P00049,Emil,Fischer,emil.fischer@urbansolutions.de,Education Coordinator,M010,AT,False,2024-02-03
P00050,Nina,Zimmermann,nina.zimmermann@cloudcapital.de,Advocacy Specialist,M043,AT,False,2023-10-18
P00051,Lisa,Fischer,lisa.fischer@brightsystems.de,Executive Director,M048,UK,True,2024-06-09
P00052,Leon,Fischer,leon.fischer@cloudgroup.de,Membership Manager,M036,NL,False,2024-05-31
P00053,Emil,Schmidt,emil.schmidt@primecapital.de,Programs Lead,M021,FR,False,2024-11-30
P00054,Ben,Weber,ben.weber@nextsystems.de,Policy Director,M025,NL,False,2023-02-12
P00055,Sofia,Klein,sofia.klein@hypergroup.de,Chapter Chair,M059,SE,False,2024-01-21
P00056,Marie,Müller,marie.müller@summitmedia.de,Communications Lead,M016,PL,True,2024-10-03
P00057,David,Schäfer,david.schäfer@cloudlogistics.de,Operations Manager,M027,SE,False,2023-09-28
P00058,Anna,Schwarz,anna.schwarz@summitmedia.de,Research Analyst,M016,PL,False,2024-05-30
P00059,David,Weber,david.weber@nordicretail.de,Education Coordinator,M040,SE,False,2023-03-09
P00060,Tim,Koch,tim.koch@hypermedia.de,Advocacy Specialist,M013,IT,False,2023-09-29
P00061,Ben,Hoffmann,ben.hoffmann@hypermedia.de,Executive Director,M013,IT,True,2024-10-27
P00062,Marie,Zimmermann,marie.zimmermann@urbansolutions.de,Membership Manager,M010,AT,False,2023-03-20
P00063,Tim,Bauer,tim.bauer@summitlogistics.de,Programs Lead,M058,CH,False,2024-09-23
P00064,Mia,Weber,mia.weber@omniretail.de,Policy Director,M009,CH,False,2023-05-31
P00065,Nina,Koch,nina.koch@nordiclabs.de,Chapter Chair,M075,DE,False,2024-09-28
P00066,Emil,Fischer,emil.fischer@omnipartners.de,Communications Lead,M011,DE,True,2024-05-08
P00067,Max,Zimmermann,max.zimmermann@nordiccapital.de,Operations Manager,M031,FR,False,2024-11-19
P00068,Tom,Hoffmann,tom.hoffmann@bluebrands.de,Research Analyst,M061,PL,False,2023-10-25
P00069,Julia,Bauer,julia.bauer@vistamarkets.de,Education Coordinator,M070,CH,False,2024-04-22
P00070,Marie,Wagner,marie.wagner@summitcommerce.de,Advocacy Specialist,M047,AT,False,2023-07-24
P00071,Paul,Weber,paul.weber@hyperlogistics.de,Executive Director,M004,AT,True,2023-01-18
P00072,Paul,Schwarz,paul.schwarz@nextsystems.de,Membership Manager,M025,NL,False,2024-06-02
P00073,Marie,Koch,marie.koch@nordicretail.de,Programs Lead,M040,SE,False,2023-08-03
P00074,Mia,Weber,mia.weber@urbanmarkets.de,Policy Director,M002,PL,False,2023-04-03
P00075,Sofia,Koch,sofia.koch@nextmarkets.de,Chapter Chair,M051,DE,False,2023-05-16
P00076,Lisa,Koch,lisa.koch@hyperlogistics.de,Communications Lead,M004,AT,True,2024-01-09
P00077,Ben,Zimmermann,ben.zimmermann@cloudlogistics.de,Operations Manager,M027,SE,False,2024-02-08
P00078,Anna,Becker,anna.becker@novasolutions.de,Research Analyst,M033,ES,False,2024-05-18
P00079,Marie,Wolf,marie.wolf@bluebrands.de,Education Coordinator,M061,PL,False,2023-05-25
P00080,Leon,Klein,leon.klein@cloudmarkets.de,Advocacy Specialist,M079,NL,False,2023-11-20
P00081,Tom,Richter,tom.richter@urbanbrands.de,Executive Director,M030,NL,True,2023-11-29
P00082,Nina,Wolf,nina.wolf@cloudmarkets.de,Membership Manager,M079,NL,False,2023-07-20
P00083,Anna,Bauer,anna.bauer@omnilogistics.de,Programs Lead,M005,AT,False,2024-01-17
P00084,Lena,Wolf,lena.wolf@nextmarkets.de,Policy Director,M046,ES,False,2024-08-26
P00085,Lena,Klein,lena.klein@cloudlabs.de,Chapter Chair,M055,IT,False,2023-10-09
P00086,Max,Koch,max.koch@novabrands.de,Communications Lead,M039,PL,True,2023-02-22
P00087,Paul,Fischer,paul.fischer@bluecapital.de,Operations Manager,M018,AT,False,2023-09-30
P00088,Leon,Richter,leon.richter@pulseretail.de,Research Analyst,M076,DE,False,2024-01-18
P00089,Leon,Schmidt,leon.schmidt@summitlogistics.de,Education Coordinator,M058,CH,False,2024-07-21
P00090,David,Hoffmann,david.hoffmann@hyperlogistics.de,Advocacy Specialist,M035,AT,False,2023-02-20
P00091,Leon,Schwarz,leon.schwarz@cloudmarkets.de,Executive Director,M079,NL,True,2023-05-22
P00092,Paul,Zimmermann,paul.zimmermann@summitgroup.de,Membership Manager,M023,IT,False,2024-07-17
P00093,Sofia,Becker,sofia.becker@urbanbrands.de,Programs Lead,M030,NL,False,2024-02-29
P00094,Nina,Bauer,nina.bauer@cloudlabs.de,Policy Director,M055,IT,False,2023-09-19
P00095,Laura,Wolf,laura.wolf@hyperlogistics.de,Chapter Chair,M035,AT,False,2023-11-05
P00096,Tim,Wolf,tim.wolf@greengroup.de,Communications Lead,M074,ES,True,2023-06-21
P00097,Jonas,Weber,jonas.weber@pulsegroup.de,Operations Manager,M057,AT,False,2024-05-27
P00098,Tim,Schäfer,tim.schäfer@pulsemarkets.de,Research Analyst,M019,UK,False,2023-12-07
P00099,Marie,Neumann,marie.neumann@hyperlogistics.de,Education Coordinator,M004,AT,False,2024-07-14
P00100,Mia,Schäfer,mia.schäfer@pulseretail.de,Advocacy Specialist,M077,PL,False,2023-06-28
P00101,Nina,Weber,nina.weber@pulsemarkets.de,Executive Director,M019,UK,True,2023-09-02
P00102,Felix,Koch,felix.koch@greengroup.de,Membership Manager,M029,CH,False,2023-07-26
P00103,Anna,Neumann,anna.neumann@primemarkets.de,Programs Lead,M067,UK,False,2024-02-28
P00104,Julia,Hoffmann,julia.hoffmann@cloudgroup.de,Policy Director,M036,NL,False,2023-10-04
P00105,Nina,Müller,nina.müller@nextgroup.de,Chapter Chair,M006,PL,False,2023-10-12
P00106,Emil,Klein,emil.klein@nordiclabs.de,Communications Lead,M075,DE,True,2024-05-30
P00107,Julia,Hoffmann,julia.hoffmann@cloudlogistics.de,Operations Manager,M027,SE,False,2023-10-05
P00108,Ben,Wolf,ben.wolf@primecapital.de,Research Analyst,M021,FR,False,2024-10-23
P00109,Marie,Neumann,marie.neumann@novasolutions.de,Education Coordinator,M033,ES,False,2023-01-23
P00110,Sofia,Müller,sofia.müller@greengroup.de,Advocacy Specialist,M074,ES,False,2024-04-29
P00111,Emil,Zimmermann,emil.zimmermann@novabrands.de,Executive Director,M039,PL,True,2023-03-16
P00112,Sarah,Schwarz,sarah.schwarz@pulsegroup.de,Membership Manager,M057,AT,False,2023-09-12
P00113,Tom,Schäfer,tom.schäfer@urbanmarkets.de,Programs Lead,M002,PL,False,2023-06-05
P00114,Julia,Wagner,julia.wagner@greensystems.de,Policy Director,M014,NL,False,2023-03-29
P00115,David,Müller,david.müller@blueretail.de,Chapter Chair,M044,FR,False,2023-05-09
P00116,Ben,Müller,ben.müller@bluecapital.de,Communications Lead,M018,AT,True,2023-05-12
P00117,Laura,Neumann,laura.neumann@greenbrands.de,Operations Manager,M001,DE,False,2023-04-12
P00118,Lena,Bauer,lena.bauer@brightsystems.de,Research Analyst,M048,UK,False,2024-08-19
P00119,Mia,Wolf,mia.wolf@bluecapital.de,Education Coordinator,M018,AT,False,2023-08-17
P00120,Lisa,Schmidt,lisa.schmidt@nextmarkets.de,Advocacy Specialist,M046,ES,False,2024-07-04
P00121,Paul,Schwarz,paul.schwarz@summitgroup.de,Executive Director,M023,IT,True,2023-11-20
P00122,Ben,Zimmermann,ben.zimmermann@vistamarkets.de,Membership Manager,M028,SE,False,2023-08-29
P00123,David,Schäfer,david.schäfer@novasolutions.de,Programs Lead,M033,ES,False,2024-02-26
P00124,Paul,Müller,paul.müller@vistamarkets.de,Policy Director,M070,CH,False,2023-07-18
P00125,Tim,Neumann,tim.neumann@nordicbrands.de,Chapter Chair,M032,UK,False,2023-09-21
P00126,Ben,Neumann,ben.neumann@brightsolutions.de,Communications Lead,M053,UK,True,2023-08-21
P00127,Tim,Müller,tim.müller@primecapital.de,Operations Manager,M021,FR,False,2024-03-06
P00128,Felix,Wolf,felix.wolf@omnisolutions.de,Research Analyst,M078,FR,False,2023-01-07
P00129,Paul,Weber,paul.weber@atlassolutions.de,Education Coordinator,M022,SE,False,2024-05-22
P00130,Mia,Bauer,mia.bauer@pulsegroup.de,Advocacy Specialist,M057,AT,False,2023-08-25
P00131,Marie,Schäfer,marie.schäfer@nextmarkets.de,Executive Director,M051,DE,True,2023-10-30
P00132,Tom,Zimmermann,tom.zimmermann@greensystems.de,Membership Manager,M014,NL,False,2023-07-11
P00133,Ben,Zimmermann,ben.zimmermann@hypergroup.de,Programs Lead,M059,SE,False,2024-11-12
P00134,Max,Fischer,max.fischer@cloudmarkets.de,Policy Director,M079,NL,False,2023-02-25
P00135,Mia,Schmidt,mia.schmidt@pulsemarkets.de,Chapter Chair,M019,UK,False,2023-05-26
P00136,Leon,Müller,leon.müller@omnipartners.de,Communications Lead,M011,DE,True,2023-07-08
P00137,Sarah,Schwarz,sarah.schwarz@novacommerce.de,Operations Manager,M072,CH,False,2023-04-26
P00138,Lena,Becker,lena.becker@cloudmarkets.de,Research Analyst,M079,NL,False,2023-07-15
P00139,Jonas,Schwarz,jonas.schwarz@vistalabs.de,Education Coordinator,M066,NL,False,2023-11-16
P00140,Sarah,Klein,sarah.klein@urbanretail.de,Advocacy Specialist,M017,UK,False,2024-03-29
P00141,Jonas,Wagner,jonas.wagner@brightsystems.de,Executive Director,M048,UK,True,2023-03-22
P00142,Laura,Weber,laura.weber@nextmarkets.de,Membership Manager,M051,DE,False,2024-03-06
P00143,Tom,Hoffmann,tom.hoffmann@nordicsystems.de,Programs Lead,M052,NL,False,2024-01-01
P00144,Paul,Neumann,paul.neumann@hyperlogistics.de,Policy Director,M004,AT,False,2023-02-20
P00145,Tim,Hoffmann,tim.hoffmann@nextgroup.de,Chapter Chair,M006,PL,False,2024-07-08
P00146,Marie,Hoffmann,marie.hoffmann@vistamarkets.de,Communications Lead,M028,SE,True,2024-01-08
P00147,Tim,Schmidt,tim.schmidt@omnipartners.de,Operations Manager,M011,DE,False,2023-09-11
P00148,Sarah,Müller,sarah.müller@urbanmarkets.de,Research Analyst,M002,PL,False,2023-02-05
P00149,Marie,Weber,marie.weber@blueretail.de,Education Coordinator,M044,FR,False,2023-09-21
P00150,Mia,Weber,mia.weber@omnilogistics.de,Advocacy Specialist,M005,AT,False,2023-12-14
P00151,Felix,Koch,felix.koch@cloudlabs.de,Executive Director,M055,IT,True,2024-09-23
P00152,Max,Koch,max.koch@greencapital.de,Membership Manager,M042,IT,False,2023-10-10
P00153,Paul,Schmidt,paul.schmidt@hyperlogistics.de,Programs Lead,M026,CH,False,2024-10-11
P00154,Lena,Schmidt,lena.schmidt@atlassolutions.de,Policy Director,M022,SE,False,2023-04-20
P00155,Tim,Schwarz,tim.schwarz@vistabrands.de,Chapter Chair,M008,CH,False,2023-09-15
P00156,Leon,Zimmermann,leon.zimmermann@cloudmarkets.de,Communications Lead,M079,NL,True,2024-05-23
P00157,Jonas,Schmidt,jonas.schmidt@novagroup.de,Operations Manager,M034,ES,False,2023-06-04
P00158,Lisa,Schäfer,lisa.schäfer@pulseretail.de,Research Analyst,M076,DE,False,2023-11-24
P00159,Marie,Klein,marie.klein@brightsolutions.de,Education Coordinator,M053,UK,False,2023-03-22
P00160,Julia,Hoffmann,julia.hoffmann@vistamarkets.de,Advocacy Specialist,M070,CH,False,2023-06-13
P00161,Ben,Neumann,ben.neumann@omnisolutions.de,Executive Director,M078,FR,True,2024-10-27
P00162,Max,Zimmermann,max.zimmermann@summitcommerce.de,Membership Manager,M047,AT,False,2024-07-11
P00163,Nina,Becker,nina.becker@novasolutions.de,Programs Lead,M056,UK,False,2023-04-18
P00164,Lena,Koch,lena.koch@pulselabs.de,Policy Director,M049,NL,False,2023-03-28
P00165,Mia,Wagner,mia.wagner@greenbrands.de,Chapter Chair,M024,DE,False,2024-05-25
P00166,Marie,Becker,marie.becker@novacapital.de,Communications Lead,M020,AT,True,2023-05-17
P00167,Leon,Schwarz,leon.schwarz@nextmarkets.de,Operations Manager,M046,ES,False,2024-11-21
P00168,Ben,Wagner,ben.wagner@bluecapital.de,Research Analyst,M018,AT,False,2023-10-28
P00169,Laura,Koch,laura.koch@cloudlogistics.de,Education Coordinator,M027,SE,False,2023-09-18
P00170,Laura,Hoffmann,laura.hoffmann@summitmedia.de,Advocacy Specialist,M016,PL,False,2023-09-11
P00171,Jonas,Schäfer,jonas.schäfer@hyperlogistics.de,Executive Director,M026,CH,True,2023-06-07
P00172,Paul,Hoffmann,paul.hoffmann@atlassolutions.de,Membership Manager,M022,SE,False,2023-03-08
P00173,Sarah,Koch,sarah.koch@cloudgroup.de,Programs Lead,M063,ES,False,2024-06-03
P00174,Julia,Schäfer,julia.schäfer@primecapital.de,Policy Director,M021,FR,False,2024-10-31
P00175,Marie,Müller,marie.müller@nordicsystems.de,Chapter Chair,M052,NL,False,2023-01-05
P00176,Tim,Schäfer,tim.schäfer@bluegroup.de,Communications Lead,M041,PL,True,2024-01-18
P00177,Max,Bauer,max.bauer@cloudpartners.de,Operations Manager,M045,DE,False,2023-05-03
P00178,Max,Hoffmann,max.hoffmann@nextmarkets.de,Research Analyst,M051,DE,False,2024-08-20
P00179,Mia,Weber,mia.weber@bluecapital.de,Education Coordinator,M018,AT,False,2024-06-08
P00180,Jonas,Schwarz,jonas.schwarz@novabrands.de,Advocacy Specialist,M039,PL,False,2023-09-24
P00181,Anna,Wagner,anna.wagner@brightsolutions.de,Executive Director,M053,UK,True,2024-09-26
P00182,Felix,Hoffmann,felix.hoffmann@brightmarkets.de,Membership Manager,M080,NL,False,2024-01-13
P00183,Nina,Fischer,nina.fischer@nextmarkets.de,Programs Lead,M046,ES,False,2023-07-28
P00184,Laura,Müller,laura.müller@pulseretail.de,Policy Director,M077,PL,False,2024-10-29
P00185,Mia,Schmidt,mia.schmidt@novabrands.de,Chapter Chair,M039,PL,False,2024-02-23
P00186,Felix,Becker,felix.becker@vistamarkets.de,Communications Lead,M028,SE,True,2023-11-16
P00187,Lena,Hoffmann,lena.hoffmann@greengroup.de,Operations Manager,M029,CH,False,2024-05-22
P00188,David,Zimmermann,david.zimmermann@brightsolutions.de,Research Analyst,M053,UK,False,2024-02-22
P00189,Tom,Wolf,tom.wolf@cloudsolutions.de,Education Coordinator,M073,DE,False,2023-06-08
P00190,David,Weber,david.weber@summitlogistics.de,Advocacy Specialist,M058,CH,False,2024-02-12
P00191,Laura,Neumann,laura.neumann@greensolutions.de,Executive Director,M038,DE,True,2024-11-14
P00192,Paul,Neumann,paul.neumann@urbansolutions.de,Membership Manager,M015,IT,False,2023-11-16
P00193,Emil,Klein,emil.klein@novasolutions.de,Programs Lead,M033,ES,False,2024-03-02
P00194,Anna,Klein,anna.klein@pulseretail.de,Policy Director,M076,DE,False,2024-02-05
P00195,Sarah,Hoffmann,sarah.hoffmann@novacapital.de,Chapter Chair,M020,AT,False,2024-03-20
P00196,Jonas,Neumann,jonas.neumann@novagroup.de,Communications Lead,M034,ES,True,2023-04-03
P00197,Sarah,Klein,sarah.klein@hypercommerce.de,Operations Manager,M007,ES,False,2023-06-16
P00198,Sofia,Schmidt,sofia.schmidt@greensystems.de,Research Analyst,M014,NL,False,2024-07-18
P00199,Sofia,Wolf,sofia.wolf@cloudmarkets.de,Education Coordinator,M079,NL,False,2024-08-09
P00200,Lisa,Klein,lisa.klein@nextgroup.de,Advocacy Specialist,M006,PL,False,2023-06-25
P00201,Sofia,Klein,sofia.klein@vistamarkets.de,Executive Director,M028,SE,True,2023-06-15
P00202,Julia,Becker,julia.becker@greengroup.de,Membership Manager,M029,CH,False,2023-04-22
P00203,Sarah,Zimmermann,sarah.zimmermann@cloudgroup.de,Programs Lead,M063,ES,False,2023-11-05
P00204,Sofia,Müller,sofia.müller@novabrands.de,Policy Director,M039,PL,False,2023-11-19
P00205,Max,Wolf,max.wolf@hypermedia.de,Chapter Chair,M013,IT,False,2024-09-27
P00206,Jonas,Schäfer,jonas.schäfer@omnipartners.de,Communications Lead,M065,NL,True,2024-02-19
P00207,Lisa,Hoffmann,lisa.hoffmann@novagroup.de,Operations Manager,M034,ES,False,2023-07-07
P00208,Emil,Hoffmann,emil.hoffmann@greenretail.de,Research Analyst,M054,NL,False,2024-02-14
P00209,Julia,Becker,julia.becker@greensolutions.de,Education Coordinator,M038,DE,False,2024-01-03
P00210,Tom,Fischer,tom.fischer@summitgroup.de,Advocacy Specialist,M023,IT,False,2023-07-17
P00211,Max,Müller,max.müller@nextsystems.de,Executive Director,M025,NL,True,2023-05-01
P00212,Sarah,Schwarz,sarah.schwarz@omnisolutions.de,Membership Manager,M078,FR,False,2024-10-04
P00213,Paul,Neumann,paul.neumann@greencapital.de,Programs Lead,M042,IT,False,2024-08-19
P00214,Ben,Neumann,ben.neumann@cloudlabs.de,Policy Director,M055,IT,False,2024-11-05
P00215,Felix,Schwarz,felix.schwarz@nordiclabs.de,Chapter Chair,M075,DE,False,2024-03-24
P00216,Jonas,Schmidt,jonas.schmidt@bluecapital.de,Communications Lead,M018,AT,True,2024-09-25
P00217,Tim,Schwarz,tim.schwarz@urbansolutions.de,Operations Manager,M015,IT,False,2024-04-02
P00218,Lisa,Schwarz,lisa.schwarz@summitpartners.de,Research Analyst,M069,PL,False,2024-04-29
P00219,Sarah,Wagner,sarah.wagner@hyperlogistics.de,Education Coordinator,M026,CH,False,2023-05-12
P00220,Felix,Neumann,felix.neumann@pulseretail.de,Advocacy Specialist,M076,DE,False,2023-04-04
P00221,Marie,Müller,marie.müller@urbansolutions.de,Executive Director,M010,AT,True,2024-10-13
P00222,Sofia,Weber,sofia.weber@hyperlogistics.de,Membership Manager,M035,AT,False,2024-06-07
P00223,Lena,Müller,lena.müller@brightsolutions.de,Programs Lead,M053,UK,False,2024-01-22
P00224,Sofia,Schmidt,sofia.schmidt@nordicbrands.de,Policy Director,M032,UK,False,2024-09-20
P00225,Tom,Hoffmann,tom.hoffmann@nordicbrands.de,Chapter Chair,M032,UK,False,2024-05-18
P00226,Paul,Becker,paul.becker@greensystems.de,Communications Lead,M014,NL,True,2023-03-09
P00227,Felix,Koch,felix.koch@bluegroup.de,Operations Manager,M041,PL,False,2023-11-28
P00228,Lisa,Koch,lisa.koch@hypergroup.de,Research Analyst,M059,SE,False,2023-05-28
P00229,Laura,Zimmermann,laura.zimmermann@hypercommerce.de,Education Coordinator,M007,ES,False,2024-08-29
P00230,Laura,Schäfer,laura.schäfer@vistabrands.de,Advocacy Specialist,M008,CH,False,2024-01-17
P00231,Max,Hoffmann,max.hoffmann@omnibrands.de,Executive Director,M071,CH,True,2024-02-18
P00232,Jonas,Koch,jonas.koch@nordicretail.de,Membership Manager,M040,SE,False,2024-01-21
P00233,Jonas,Koch,jonas.koch@bluebrands.de,Programs Lead,M061,PL,False,2024-06-27
P00234,Max,Klein,max.klein@omnipartners.de,Policy Director,M011,DE,False,2024-07-22
P00235,Julia,Wagner,julia.wagner@hypergroup.de,Chapter Chair,M059,SE,False,2024-07-02
P00236,Sarah,Klein,sarah.klein@brightmarkets.de,Communications Lead,M080,NL,True,2024-01-20
P00237,Felix,Fischer,felix.fischer@brightsystems.de,Operations Manager,M048,UK,False,2023-12-05
P00238,Lena,Schwarz,lena.schwarz@cloudmarkets.de,Research Analyst,M079,NL,False,2023-06-30
P00239,Lisa,Müller,lisa.müller@brightsystems.de,Education Coordinator,M048,UK,False,2024-06-12
P00240,Laura,Bauer,laura.bauer@summitmedia.de,Advocacy Specialist,M016,PL,False,2024-11-10
P00241,Nina,Schmidt,nina.schmidt@urbanretail.de,Executive Director,M017,UK,True,2023-08-15
P00242,Sofia,Bauer,sofia.bauer@novabrands.de,Membership Manager,M039,PL,False,2024-10-02
P00243,Leon,Neumann,leon.neumann@greensystems.de,Programs Lead,M014,NL,False,2024-01-08
P00244,Max,Fischer,max.fischer@urbansolutions.de,Policy Director,M015,IT,False,2023-08-21
P00245,Lisa,Müller,lisa.müller@novagroup.de,Chapter Chair,M034,ES,False,2023-02-25
P00246,Anna,Klein,anna.klein@bluegroup.de,Communications Lead,M041,PL,True,2023-04-19
P00247,Julia,Klein,julia.klein@summitmedia.de,Operations Manager,M016,PL,False,2023-08-18
P00248,Leon,Bauer,leon.bauer@cloudpartners.de,Research Analyst,M045,DE,False,2023-05-17
P00249,Mia,Klein,mia.klein@cloudlabs.de,Education Coordinator,M055,IT,False,2024-05-01
P00250,Jonas,Fischer,jonas.fischer@hyperlogistics.de,Advocacy Specialist,M004,AT,False,2023-09-07
P00251,Sofia,Schwarz,sofia.schwarz@novabrands.de,Executive Director,M039,PL,True,2023-03-07
P00252,Sofia,Koch,sofia.koch@novabrands.de,Membership Manager,M039,PL,False,2023-09-28
P00253,Anna,Müller,anna.müller@omniretail.de,Programs Lead,M009,CH,False,2023-12-25
P00254,Lisa,Schwarz,lisa.schwarz@pulselabs.de,Policy Director,M049,NL,False,2024-06-14
P00255,Tim,Schäfer,tim.schäfer@nordicretail.de,Chapter Chair,M040,SE,False,2023-01-01
P00256,Max,Müller,max.müller@bluebrands.de,Communications Lead,M061,PL,True,2023-01-26
P00257,Sarah,Becker,sarah.becker@cloudmarkets.de,Operations Manager,M079,NL,False,2023-06-13
P00258,Max,Wagner,max.wagner@nextgroup.de,Research Analyst,M006,PL,False,2024-09-19
P00259,David,Hoffmann,david.hoffmann@summitlogistics.de,Education Coordinator,M058,CH,False,2024-02-28
P00260,Mia,Neumann,mia.neumann@vistamarkets.de,Advocacy Specialist,M070,CH,False,2023-06-28
P00261,Julia,Bauer,julia.bauer@greenretail.de,Executive Director,M054,NL,True,2023-11-04
P00262,Max,Zimmermann,max.zimmermann@nordiccapital.de,Membership Manager,M031,FR,False,2023-01-07
P00263,Sarah,Neumann,sarah.neumann@hyperlogistics.de,Programs Lead,M004,AT,False,2023-03-24
P00264,Marie,Becker,marie.becker@omnipartners.de,Policy Director,M011,DE,False,2023-04-18
P00265,Laura,Schäfer,laura.schäfer@summitlogistics.de,Chapter Chair,M058,CH,False,2023-05-07
P00266,Nina,Koch,nina.koch@hypermedia.de,Communications Lead,M013,IT,True,2023-09-30
P00267,David,Neumann,david.neumann@primemarkets.de,Operations Manager,M068,DE,False,2023-09-29
P00268,Paul,Hoffmann,paul.hoffmann@nextmarkets.de,Research Analyst,M046,ES,False,2024-06-03
P00269,Anna,Becker,anna.becker@pulsegroup.de,Education Coordinator,M057,AT,False,2023-08-30
P00270,Mia,Becker,mia.becker@brightsystems.de,Advocacy Specialist,M048,UK,False,2023-07-16
P00271,Sarah,Richter,sarah.richter@novasolutions.de,Executive Director,M056,UK,True,2023-09-02
P00272,Sarah,Zimmermann,sarah.zimmermann@hyperlogistics.de,Membership Manager,M035,AT,False,2024-06-27
P00273,Anna,Schmidt,anna.schmidt@summitcapital.de,Programs Lead,M062,PL,False,2023-08-28
P00274,Emil,Bauer,emil.bauer@pulseretail.de,Policy Director,M076,DE,False,2024-02-05
P00275,Lisa,Weber,lisa.weber@brightsolutions.de,Chapter Chair,M053,UK,False,2023-06-25
P00276,Sofia,Müller,sofia.müller@nextmarkets.de,Communications Lead,M046,ES,True,2023-04-25
P00277,Tom,Becker,tom.becker@bluecapital.de,Operations Manager,M018,AT,False,2023-05-26
P00278,Anna,Schmidt,anna.schmidt@novasolutions.de,Research Analyst,M033,ES,False,2023-05-22
P00279,Max,Weber,max.weber@urbanbrands.de,Education Coordinator,M030,NL,False,2023-03-09
P00280,Emil,Klein,emil.klein@cloudgroup.de,Advocacy Specialist,M036,NL,False,2024-06-30
P00281,Lena,Wolf,lena.wolf@cloudsolutions.de,Executive Director,M073,DE,True,2023-09-10
P00282,Mia,Hoffmann,mia.hoffmann@hyperlogistics.de,Membership Manager,M026,CH,False,2023-02-04
P00283,Max,Weber,max.weber@cloudmarkets.de,Programs Lead,M079,NL,False,2024-05-03
P00284,Tom,Fischer,tom.fischer@brightsolutions.de,Policy Director,M053,UK,False,2024-10-23
P00285,Mia,Bauer,mia.bauer@pulseretail.de,Chapter Chair,M077,PL,False,2023-12-11
P00286,Leon,Koch,leon.koch@bluecapital.de,Communications Lead,M018,AT,True,2023-12-26
P00287,Laura,Bauer,laura.bauer@novasolutions.de,Operations Manager,M056,UK,False,2024-01-12
P00288,Nina,Zimmermann,nina.zimmermann@brightmarkets.de,Research Analyst,M080,NL,False,2024-09-25
P00289,Anna,Neumann,anna.neumann@brightsystems.de,Education Coordinator,M048,UK,False,2024-03-22
P00290,Julia,Wagner,julia.wagner@nordicbrands.de,Advocacy Specialist,M032,UK,False,2024-04-25
P00291,Max,Hoffmann,max.hoffmann@hypermedia.de,Executive Director,M013,IT,True,2024-08-11
P00292,Paul,Becker,paul.becker@vistamarkets.de,Membership Manager,M070,CH,False,2023-01-02
P00293,Julia,Hoffmann,julia.hoffmann@pulsegroup.de,Programs Lead,M057,AT,False,2023-02-25
P00294,Anna,Klein,anna.klein@summitmedia.de,Policy Director,M016,PL,False,2023-04-08
P00295,Tim,Becker,tim.becker@hyperlogistics.de,Chapter Chair,M004,AT,False,2024-08-29
P00296,Felix,Koch,felix.koch@nordicmarkets.de,Communications Lead,M003,AT,True,2023-06-12
P00297,Paul,Hoffmann,paul.hoffmann@omnibrands.de,Operations Manager,M064,AT,False,2024-05-25
P00298,Jonas,Wagner,jonas.wagner@nordicbrands.de,Research Analyst,M032,UK,False,2024-05-17
P00299,David,Wagner,david.wagner@novacommerce.de,Education Coordinator,M072,CH,False,2023-12-31
P00300,Tom,Wolf,tom.wolf@urbansolutions.de,Advocacy Specialist,M010,AT,False,2023-03-30
P00301,Leon,Schmidt,leon.schmidt@brightmarkets.de,Executive Director,M080,NL,True,2023-07-31
P00302,Paul,Koch,paul.koch@hyperlogistics.de,Membership Manager,M026,CH,False,2024-07-12
P00303,Julia,Becker,julia.becker@urbanmarkets.de,Programs Lead,M002,PL,False,2024-10-07
P00304,Ben,Schwarz,ben.schwarz@nordicretail.de,Policy Director,M040,SE,False,2024-06-28
P00305,Lisa,Müller,lisa.müller@novalabs.de,Chapter Chair,M050,NL,False,2024-08-18
P00306,Nina,Fischer,nina.fischer@primemarkets.de,Communications Lead,M068,DE,True,2024-11-08
P00307,David,Richter,david.richter@greengroup.de,Operations Manager,M074,ES,False,2024-04-19
P00308,Marie,Koch,marie.koch@blueretail.de,Research Analyst,M044,FR,False,2023-08-25
P00309,Sofia,Richter,sofia.richter@greenbrands.de,Education Coordinator,M024,DE,False,2024-10-20
P00310,Ben,Hoffmann,ben.hoffmann@pulselabs.de,Advocacy Specialist,M049,NL,False,2023-11-05
P00311,Lisa,Fischer,lisa.fischer@novasolutions.de,Executive Director,M033,ES,True,2023-09-11
P00312,Nina,Klein,nina.klein@brightmarkets.de,Membership Manager,M080,NL,False,2023-08-30
P00313,Nina,Hoffmann,nina.hoffmann@bluecapital.de,Programs Lead,M018,AT,False,2023-04-15
P00314,Jonas,Wagner,jonas.wagner@omnipartners.de,Policy Director,M011,DE,False,2024-01-29
P00315,Sofia,Fischer,sofia.fischer@summitmedia.de,Chapter Chair,M016,PL,False,2023-11-01
P00316,Leon,Koch,leon.koch@urbanmarkets.de,Communications Lead,M002,PL,True,2023-04-22
P00317,Tom,Koch,tom.koch@greengroup.de,Operations Manager,M074,ES,False,2024-02-02
P00318,Marie,Müller,marie.müller@summitcapital.de,Research Analyst,M062,PL,False,2024-02-13
P00319,Leon,Schäfer,leon.schäfer@nextgroup.de,Education Coordinator,M006,PL,False,2024-10-09
P00320,Paul,Schwarz,paul.schwarz@brightsystems.de,Advocacy Specialist,M048,UK,False,2023-05-26
P00321,Laura,Wolf,laura.wolf@omnipartners.de,Executive Director,M065,NL,True,2023-09-06
P00322,Leon,Neumann,leon.neumann@omnipartners.de,Membership Manager,M065,NL,False,2024-11-14
P00323,Emil,Schäfer,emil.schäfer@hypergroup.de,Programs Lead,M059,SE,False,2024-10-18
P00324,Tom,Schwarz,tom.schwarz@novacommerce.de,Policy Director,M072,CH,False,2023-11-17
P00325,Laura,Wagner,laura.wagner@omniretail.de,Chapter Chair,M009,CH,False,2023-09-06
P00326,Sarah,Becker,sarah.becker@greencapital.de,Communications Lead,M042,IT,True,2024-03-09
P00327,Tim,Schwarz,tim.schwarz@blueretail.de,Operations Manager,M044,FR,False,2024-09-28
P00328,Leon,Becker,leon.becker@nordicretail.de,Research Analyst,M040,SE,False,2023-01-11
P00329,Sarah,Zimmermann,sarah.zimmermann@summitgroup.de,Education Coordinator,M023,IT,False,2023-02-09
P00330,Laura,Hoffmann,laura.hoffmann@brightsystems.de,Advocacy Specialist,M048,UK,False,2023-07-24
P00331,Julia,Klein,julia.klein@atlassolutions.de,Executive Director,M022,SE,True,2024-08-11
P00332,Marie,Hoffmann,marie.hoffmann@nextsystems.de,Membership Manager,M025,NL,False,2024-06-08
P00333,Anna,Klein,anna.klein@omnisolutions.de,Programs Lead,M078,FR,False,2023-12-18
P00334,Leon,Schwarz,leon.schwarz@novalabs.de,Policy Director,M012,ES,False,2024-12-01
P00335,Jonas,Wolf,jonas.wolf@novacapital.de,Chapter Chair,M020,AT,False,2023-05-06
P00336,Lisa,Klein,lisa.klein@pulseretail.de,Communications Lead,M077,PL,True,2023-09-16
P00337,Laura,Wolf,laura.wolf@omnipartners.de,Operations Manager,M011,DE,False,2023-03-04
P00338,Anna,Weber,anna.weber@novalabs.de,Research Analyst,M050,NL,False,2024-03-06
P00339,Felix,Koch,felix.koch@hyperlogistics.de,Education Coordinator,M004,AT,False,2023-08-18
P00340,Paul,Wolf,paul.wolf@nordicsystems.de,Advocacy Specialist,M052,NL,False,2023-08-13
P00341,Sarah,Schwarz,sarah.schwarz@greenbrands.de,Executive Director,M024,DE,True,2023-06-18
P00342,Sofia,Weber,sofia.weber@vistabrands.de,Membership Manager,M008,CH,False,2024-04-25
P00343,David,Schäfer,david.schäfer@vistabrands.de,Programs Lead,M008,CH,False,2023-12-28
P00344,Leon,Schwarz,leon.schwarz@hyperlogistics.de,Policy Director,M026,CH,False,2024-07-15
P00345,Sofia,Zimmermann,sofia.zimmermann@cloudlogistics.de,Chapter Chair,M027,SE,False,2023-08-24
P00346,Laura,Wolf,laura.wolf@omnisolutions.de,Communications Lead,M078,FR,True,2024-03-12
P00347,Jonas,Zimmermann,jonas.zimmermann@cloudpartners.de,Operations Manager,M045,DE,False,2023-10-15
P00348,Felix,Schäfer,felix.schäfer@cloudgroup.de,Research Analyst,M036,NL,False,2023-11-25
P00349,Tim,Zimmermann,tim.zimmermann@cloudgroup.de,Education Coordinator,M063,ES,False,2024-09-30
P00350,Lena,Klein,lena.klein@greengroup.de,Advocacy Specialist,M074,ES,False,2023-11-07
P00351,Sarah,Müller,sarah.müller@omniretail.de,Executive Director,M009,CH,True,2024-08-01
P00352,Nina,Fischer,nina.fischer@cloudcapital.de,Membership Manager,M043,AT,False,2023-12-20
P00353,Emil,Schmidt,emil.schmidt@cloudcapital.de,Programs Lead,M043,AT,False,2023-08-03
P00354,Lena,Bauer,lena.bauer@summitlogistics.de,Policy Director,M058,CH,False,2024-09-14
P00355,Tom,Fischer,tom.fischer@nordiclabs.de,Chapter Chair,M075,DE,False,2023-07-10
P00356,Marie,Klein,marie.klein@vistamarkets.de,Communications Lead,M028,SE,True,2023-08-02
P00357,Sarah,Becker,sarah.becker@nordicmarkets.de,Operations Manager,M003,AT,False,2024-09-14
P00358,Lena,Bauer,lena.bauer@pulsegroup.de,Research Analyst,M057,AT,False,2024-05-21
P00359,Mia,Weber,mia.weber@hypercommerce.de,Education Coordinator,M007,ES,False,2024-11-18
P00360,Tom,Wagner,tom.wagner@cloudgroup.de,Advocacy Specialist,M036,NL,False,2024-03-05
P00361,Ben,Fischer,ben.fischer@bluecapital.de,Executive Director,M018,AT,True,2024-05-19
P00362,David,Müller,david.müller@pulselabs.de,Membership Manager,M049,NL,False,2024-04-23
P00363,Sofia,Zimmermann,sofia.zimmermann@omnipartners.de,Programs Lead,M065,NL,False,2024-05-25
P00364,Jonas,Schmidt,jonas.schmidt@nordiclabs.de,Policy Director,M075,DE,False,2023-11-25
P00365,Marie,Zimmermann,marie.zimmermann@nextgroup.de,Chapter Chair,M006,PL,False,2024-04-21
P00366,Felix,Neumann,felix.neumann@novacommerce.de,Communications Lead,M072,CH,True,2024-11-23
P00367,Lena,Becker,lena.becker@summitcapital.de,Operations Manager,M062,PL,False,2024-10-13
P00368,Anna,Schmidt,anna.schmidt@cloudlabs.de,Research Analyst,M055,IT,False,2023-02-16
P00369,Nina,Wagner,nina.wagner@novagroup.de,Education Coordinator,M034,ES,False,2024-05-10
P00370,Tim,Fischer,tim.fischer@greensystems.de,Advocacy Specialist,M014,NL,False,2023-08-07
P00371,Leon,Fischer,leon.fischer@pulsegroup.de,Executive Director,M057,AT,True,2023-04-07
P00372,Felix,Richter,felix.richter@vistamarkets.de,Membership Manager,M070,CH,False,2024-06-22
P00373,David,Hoffmann,david.hoffmann@novasolutions.de,Programs Lead,M033,ES,False,2024-03-21
P00374,Nina,Neumann,nina.neumann@greenretail.de,Policy Director,M054,NL,False,2024-07-21
P00375,Max,Bauer,max.bauer@greengroup.de,Chapter Chair,M074,ES,False,2023-12-30
P00376,Tim,Wolf,tim.wolf@greenretail.de,Communications Lead,M054,NL,True,2024-05-30
P00377,Laura,Klein,laura.klein@omnisolutions.de,Operations Manager,M078,FR,False,2024-11-01
P00378,Tim,Wagner,tim.wagner@pulsegroup.de,Research Analyst,M057,AT,False,2023-07-16
P00379,Nina,Bauer,nina.bauer@nordicmarkets.de,Education Coordinator,M003,AT,False,2024-08-23
P00380,Lena,Müller,lena.müller@cloudgroup.de,Advocacy Specialist,M036,NL,False,2024-07-21
P00381,Sarah,Müller,sarah.müller@urbanlabs.de,Executive Director,M037,AT,True,2023-11-04
P00382,Tom,Schmidt,tom.schmidt@omnibrands.de,Membership Manager,M071,CH,False,2023-07-14
P00383,Tim,Müller,tim.müller@omnipartners.de,Programs Lead,M011,DE,False,2024-07-10
P00384,Lisa,Wolf,lisa.wolf@summitmedia.de,Policy Director,M016,PL,False,2023-05-31
P00385,Lisa,Weber,lisa.weber@omnibrands.de,Chapter Chair,M071,CH,False,2023-02-10
P00386,Marie,Becker,marie.becker@brightmarkets.de,Communications Lead,M080,NL,True,2024-11-10
P00387,Jonas,Müller,jonas.müller@cloudlogistics.de,Operations Manager,M027,SE,False,2023-04-14
P00388,Anna,Klein,anna.klein@omnipartners.de,Research Analyst,M065,NL,False,2023-11-13
P00389,David,Koch,david.koch@hyperlogistics.de,Education Coordinator,M004,AT,False,2023-07-09
P00390,Leon,Müller,leon.müller@cloudmarkets.de,Advocacy Specialist,M079,NL,False,2023-01-21
P00391,Leon,Müller,leon.müller@nordicbrands.de,Executive Director,M032,UK,True,2024-08-04
P00392,Julia,Müller,julia.müller@cloudlogistics.de,Membership Manager,M027,SE,False,2024-03-07
P00393,Emil,Wolf,emil.wolf@cloudgroup.de,Programs Lead,M063,ES,False,2023-03-10
P00394,Anna,Wolf,anna.wolf@greencapital.de,Policy Director,M042,IT,False,2024-08-29
P00395,Sofia,Zimmermann,sofia.zimmermann@novalabs.de,Chapter Chair,M012,ES,False,2024-07-15
P00396,Tom,Weber,tom.weber@summitmedia.de,Communications Lead,M016,PL,True,2023-08-06
P00397,Sofia,Schmidt,sofia.schmidt@summitcommerce.de,Operations Manager,M047,AT,False,2023-01-05
P00398,Anna,Wagner,anna.wagner@greensystems.de,Research Analyst,M014,NL,False,2023-08-12
P00399,Tom,Fischer,tom.fischer@cloudlogistics.de,Education Coordinator,M027,SE,False,2023-01-19
P00400,Laura,Schäfer,laura.schäfer@primemarkets.de,Advocacy Specialist,M068,DE,False,2023-07-11
P00401,Max,Klein,max.klein@hypergroup.de,Executive Director,M059,SE,True,2023-03-28
P00402,Paul,Zimmermann,paul.zimmermann@novalabs.de,Membership Manager,M012,ES,False,2024-11-16
P00403,Laura,Müller,laura.müller@greengroup.de,Programs Lead,M029,CH,False,2023-01-12
P00404,Max,Schmidt,max.schmidt@novalabs.de,Policy Director,M012,ES,False,2023-03-23
P00405,Sarah,Bauer,sarah.bauer@omnibrands.de,Chapter Chair,M071,CH,False,2024-09-06
P00406,Jonas,Zimmermann,jonas.zimmermann@summitpartners.de,Communications Lead,M069,PL,True,2023-03-03
P00407,Nina,Klein,nina.klein@nextmarkets.de,Operations Manager,M051,DE,False,2024-03-25
P00408,Tim,Becker,tim.becker@vistalabs.de,Research Analyst,M066,NL,False,2023-04-30
P00409,Felix,Becker,felix.becker@cloudlabs.de,Education Coordinator,M055,IT,False,2024-05-03
P00410,Sarah,Schwarz,sarah.schwarz@novasolutions.de,Advocacy Specialist,M056,UK,False,2024-08-03
P00411,Nina,Bauer,nina.bauer@pulsemarkets.de,Executive Director,M019,UK,True,2023-03-04
P00412,Lisa,Richter,lisa.richter@brightmarkets.de,Membership Manager,M080,NL,False,2023-01-16
P00413,Sofia,Bauer,sofia.bauer@vistabrands.de,Programs Lead,M008,CH,False,2024-03-14
P00414,Ben,Wolf,ben.wolf@nordicbrands.de,Policy Director,M032,UK,False,2024-01-21
P00415,Lisa,Schäfer,lisa.schäfer@urbanmarkets.de,Chapter Chair,M002,PL,False,2023-10-18
P00416,Anna,Richter,anna.richter@omnibrands.de,Communications Lead,M064,AT,True,2023-10-02
P00417,Leon,Becker,leon.becker@nordiclabs.de,Operations Manager,M075,DE,False,2023-02-13
P00418,Paul,Fischer,paul.fischer@bluegroup.de,Research Analyst,M041,PL,False,2023-05-31
P00419,Laura,Zimmermann,laura.zimmermann@greensystems.de,Education Coordinator,M014,NL,False,2024-07-01
P00420,Lena,Zimmermann,lena.zimmermann@urbansolutions.de,Advocacy Specialist,M010,AT,False,2023-07-25
