annual_meeting_id,contact_id,program_id,attended,rating,feedback_comment
AM-2025,P00133,PGM2025-06,True,4,Great insights on AI.
AM-2025,P00133,PGM2025-11,True,4,
AM-2025,P00133,PGM2025-13,True,3,More time for Q&A please.
AM-2025,P00133,PGM2025-15,True,4,Very practical.
AM-2025,P00133,PGM2025-22,True,5,Too salesy.
AM-2025,P00133,PGM2025-04,True,5,Made me re-think our approach.
AM-2025,P00133,PGM2025-17,True,5,Excellent peer discussion.
AM-2025,P00133,PGM2025-08,True,1,Good moderation.
AM-2025,P00133,PGM2025-09,True,5,More examples needed.
AM-2025,P00156,PGM2025-16,True,4,Strong speakers.
AM-2025,P00156,PGM2025-13,True,4,Loved the case study.
AM-2025,P00156,PGM2025-05,True,3,
AM-2025,P00156,PGM2025-14,True,5,Good moderation.
AM-2025,P00156,PGM2025-22,True,5,Loved the case study.
AM-2025,P00156,PGM2025-06,True,1,Great insights on policy.
AM-2025,P00156,PGM2025-15,True,5,Too salesy.
AM-2024,P00226,PGM2024-08,True,3,Loved the case study.
AM-2024,P00226,PGM2024-20,True,4,Great insights on AI.
AM-2024,P00226,PGM2024-22,True,5,More examples needed.
AM-2024,P00226,PGM2024-21,True,4,Loved the case study.
AM-2024,P00226,PGM2024-15,True,4,Would value a deeper dive next time.
AM-2024,P00226,PGM2024-13,True,5,Very practical.
AM-2025,P00322,PGM2025-12,True,4,Great insights on AI.
AM-2025,P00322,PGM2025-11,True,1,
AM-2025,P00322,PGM2025-03,True,5,Great insights on AI.
AM-2025,P00322,PGM2025-10,True,5,Great insights on AI.
AM-2025,P00322,PGM2025-04,True,2,
AM-2025,P00285,PGM2025-03,True,3,Loved the case study.
AM-2025,P00285,PGM2025-19,True,4,Great insights on policy.
AM-2025,P00285,PGM2025-02,True,5,Very practical.
AM-2025,P00285,PGM2025-17,True,4,Too salesy.
AM-2025,P00285,PGM2025-14,True,4,More examples needed.
AM-2025,P00285,PGM2025-07,True,5,Too salesy.
AM-2025,P00285,PGM2025-01,True,3,Very practical.
AM-2025,P00382,PGM2025-21,True,5,
AM-2025,P00382,PGM2025-20,True,4,Very practical.
AM-2025,P00382,PGM2025-07,True,4,Too salesy.
AM-2025,P00382,PGM2025-18,True,5,Loved the case study.
AM-2025,P00382,PGM2025-09,True,5,Excellent peer discussion.
AM-2025,P00382,PGM2025-22,True,4,Great insights on policy.
AM-2025,P00417,PGM2025-10,True,3,Too salesy.
AM-2025,P00417,PGM2025-01,True,5,More time for Q&A please.
AM-2025,P00417,PGM2025-20,True,5,Good moderation.
AM-2025,P00417,PGM2025-04,True,4,Great insights on AI.
AM-2025,P00417,PGM2025-21,True,5,Useful benchmarks for my team.
AM-2025,P00417,PGM2025-13,True,5,Good moderation.
AM-2025,P00417,PGM2025-14,True,4,
AM-2025,P00417,PGM2025-12,True,4,
AM-2025,P00417,PGM2025-08,True,5,Great insights on AI.
AM-2025,P00071,PGM2025-19,True,3,Too salesy.
AM-2025,P00071,PGM2025-09,True,5,Too salesy.
AM-2025,P00071,PGM2025-18,True,5,Made me re-think our approach.
AM-2025,P00071,PGM2025-15,True,2,Made me re-think our approach.
AM-2025,P00071,PGM2025-01,True,4,Would value a deeper dive next time.
AM-2025,P00071,PGM2025-10,True,5,Great insights on AI.
AM-2024,P00368,PGM2024-01,True,4,Excellent peer discussion.
AM-2024,P00368,PGM2024-17,True,4,Loved the case study.
AM-2024,P00368,PGM2024-14,True,5,Loved the case study.
AM-2024,P00368,PGM2024-04,True,3,Very practical.
AM-2024,P00368,PGM2024-16,True,2,More examples needed.
AM-2024,P00368,PGM2024-03,True,3,Very practical.
AM-2024,P00368,PGM2024-19,True,2,Would value a deeper dive next time.
AM-2024,P00368,PGM2024-05,True,4,Too salesy.
AM-2024,P00368,PGM2024-22,True,4,Good moderation.
AM-2024,P00368,PGM2024-07,True,4,Useful benchmarks for my team.
AM-2024,P00147,PGM2024-17,True,4,Very practical.
AM-2024,P00147,PGM2024-14,True,5,Very practical.
AM-2024,P00147,PGM2024-19,True,4,
AM-2024,P00147,PGM2024-20,True,5,Too salesy.
AM-2024,P00147,PGM2024-06,True,5,Too salesy.
AM-2024,P00147,PGM2024-22,True,5,More examples needed.
AM-2024,P00147,PGM2024-01,True,4,Excellent peer discussion.
AM-2024,P00147,PGM2024-02,True,5,Too salesy.
AM-2024,P00147,PGM2024-03,True,5,More examples needed.
AM-2025,P00408,PGM2025-05,True,1,Too salesy.
AM-2025,P00408,PGM2025-17,True,4,More examples needed.
AM-2025,P00408,PGM2025-16,True,4,Very practical.
AM-2025,P00408,PGM2025-07,True,4,Great insights on AI.
AM-2025,P00408,PGM2025-10,True,4,Very practical.
AM-2025,P00408,PGM2025-21,True,5,Strong speakers.
AM-2025,P00408,PGM2025-01,True,5,Great insights on policy.
AM-2025,P00408,PGM2025-13,True,5,Too salesy.
AM-2025,P00408,PGM2025-04,True,5,More examples needed.
AM-2025,P00261,PGM2025-08,True,4,Strong speakers.
AM-2025,P00261,PGM2025-14,True,5,Loved the case study.
AM-2025,P00261,PGM2025-19,True,4,
AM-2025,P00261,PGM2025-13,True,5,Great insights on AI.
AM-2025,P00261,PGM2025-03,True,2,More time for Q&A please.
AM-2025,P00261,PGM2025-18,True,5,
AM-2025,P00261,PGM2025-04,True,4,Good moderation.
AM-2025,P00261,PGM2025-02,True,4,Speaker was excellent.
AM-2024,P00138,PGM2024-02,True,5,Good moderation.
AM-2024,P00138,PGM2024-05,True,5,Good moderation.
AM-2024,P00138,PGM2024-20,True,5,More examples needed.
AM-2024,P00138,PGM2024-17,True,5,More examples needed.
AM-2024,P00138,PGM2024-08,True,4,Very practical.
AM-2025,P00134,PGM2025-12,True,5,Strong speakers.
AM-2025,P00134,PGM2025-05,True,3,Loved the case study.
AM-2025,P00134,PGM2025-11,True,5,Great insights on AI.
AM-2025,P00134,PGM2025-15,True,3,Excellent peer discussion.
AM-2025,P00134,PGM2025-06,True,4,Strong speakers.
AM-2025,P00134,PGM2025-19,True,5,Very practical.
AM-2025,P00418,PGM2025-08,True,4,Loved the case study.
AM-2025,P00418,PGM2025-16,True,2,Speaker was excellent.
AM-2025,P00418,PGM2025-10,True,4,Made me re-think our approach.
AM-2025,P00418,PGM2025-19,True,3,Great insights on policy.
AM-2025,P00418,PGM2025-18,True,1,Very practical.
AM-2025,P00418,PGM2025-12,True,4,
AM-2025,P00418,PGM2025-01,True,2,Great insights on policy.
AM-2025,P00418,PGM2025-17,True,5,Loved the practical templates.
AM-2025,P00187,PGM2025-06,True,2,Great insights on AI.
AM-2025,P00187,PGM2025-01,True,5,
AM-2025,P00187,PGM2025-18,True,3,Strong speakers.
AM-2025,P00187,PGM2025-09,True,4,Very practical.
AM-2025,P00187,PGM2025-12,True,3,Too salesy.
AM-2025,P00187,PGM2025-13,True,1,Speaker was excellent.
AM-2025,P00187,PGM2025-07,True,3,More examples needed.
AM-2024,P00113,PGM2024-12,True,4,Strong speakers.
AM-2024,P00113,PGM2024-11,True,4,Good moderation.
AM-2024,P00113,PGM2024-21,True,5,Great insights on AI.
AM-2024,P00113,PGM2024-05,True,5,Excellent peer discussion.
AM-2024,P00113,PGM2024-01,True,5,Very practical.
AM-2024,P00113,PGM2024-17,True,4,Speaker was excellent.
AM-2025,P00312,PGM2025-15,True,3,Loved the case study.
AM-2025,P00312,PGM2025-07,True,4,Great insights on policy.
AM-2025,P00312,PGM2025-16,True,5,Useful benchmarks for my team.
AM-2025,P00312,PGM2025-05,True,4,Too salesy.
AM-2025,P00312,PGM2025-04,True,5,
AM-2025,P00312,PGM2025-17,True,3,Good moderation.
AM-2025,P00312,PGM2025-22,True,3,Loved the case study.
AM-2024,P00120,PGM2024-07,True,3,Good moderation.
AM-2024,P00120,PGM2024-21,True,1,Strong speakers.
AM-2024,P00120,PGM2024-20,True,4,More time for Q&A please.
AM-2024,P00120,PGM2024-13,True,4,Would value a deeper dive next time.
AM-2024,P00120,PGM2024-17,True,4,Excellent peer discussion.
AM-2024,P00120,PGM2024-03,True,4,Great insights on AI.
AM-2024,P00120,PGM2024-01,True,4,Too salesy.
AM-2024,P00120,PGM2024-04,True,4,More time for Q&A please.
AM-2024,P00120,PGM2024-14,True,4,Very practical.
AM-2025,P00214,PGM2025-13,True,3,Strong speakers.
AM-2025,P00214,PGM2025-09,True,2,More examples needed.
AM-2025,P00214,PGM2025-07,True,5,More examples needed.
AM-2025,P00214,PGM2025-21,True,4,More time for Q&A please.
AM-2025,P00214,PGM2025-22,True,5,More examples needed.
AM-2025,P00214,PGM2025-04,True,1,Loved the case study.
AM-2025,P00214,PGM2025-14,True,2,
AM-2025,P00214,PGM2025-17,True,5,Useful benchmarks for my team.
AM-2025,P00096,PGM2025-09,True,3,Very practical.
AM-2025,P00096,PGM2025-05,True,4,Great insights on AI.
AM-2025,P00096,PGM2025-21,True,5,Loved the case study.
AM-2025,P00096,PGM2025-22,True,4,
AM-2025,P00096,PGM2025-17,True,3,Very practical.
AM-2025,P00032,PGM2025-06,True,4,Too salesy.
AM-2025,P00032,PGM2025-05,True,4,Too salesy.
AM-2025,P00032,PGM2025-13,True,5,Useful benchmarks for my team.
AM-2025,P00032,PGM2025-03,True,4,Very practical.
AM-2025,P00032,PGM2025-16,True,5,Loved the practical templates.
AM-2025,P00034,PGM2025-17,True,5,Good moderation.
AM-2025,P00034,PGM2025-01,True,2,More examples needed.
AM-2025,P00034,PGM2025-21,True,3,Loved the case study.
AM-2025,P00034,PGM2025-04,True,4,Too salesy.
AM-2025,P00034,PGM2025-03,True,4,Too salesy.
AM-2025,P00034,PGM2025-19,True,5,More examples needed.
AM-2025,P00034,PGM2025-12,True,4,Good moderation.
AM-2025,P00034,PGM2025-22,True,4,More examples needed.
AM-2025,P00370,PGM2025-18,True,3,Good moderation.
AM-2025,P00370,PGM2025-06,True,4,More examples needed.
AM-2025,P00370,PGM2025-22,True,5,Great insights on AI.
AM-2025,P00370,PGM2025-02,True,2,Very practical.
AM-2025,P00370,PGM2025-10,True,2,More examples needed.
AM-2025,P00370,PGM2025-07,True,4,Great insights on AI.
AM-2025,P00370,PGM2025-17,True,4,Very practical.
AM-2025,P00370,PGM2025-03,True,5,Excellent peer discussion.
AM-2024,P00184,PGM2024-14,True,3,Great insights on policy.
AM-2024,P00184,PGM2024-22,True,5,Great insights on AI.
AM-2024,P00184,PGM2024-09,True,4,Great insights on AI.
AM-2024,P00184,PGM2024-10,True,4,Too salesy.
AM-2024,P00184,PGM2024-21,True,5,Loved the case study.
AM-2024,P00184,PGM2024-20,True,4,Made me re-think our approach.
AM-2024,P00184,PGM2024-16,True,4,Great insights on AI.
AM-2024,P00190,PGM2024-18,True,1,Great insights on policy.
AM-2024,P00190,PGM2024-10,True,4,More time for Q&A please.
AM-2024,P00190,PGM2024-04,True,4,Great insights on AI.
AM-2024,P00190,PGM2024-16,True,2,Great insights on AI.
AM-2024,P00190,PGM2024-03,True,5,Too salesy.
AM-2025,P00316,PGM2025-17,True,3,Would value a deeper dive next time.
AM-2025,P00316,PGM2025-09,True,5,Loved the case study.
AM-2025,P00316,PGM2025-22,True,4,Loved the practical templates.
AM-2025,P00316,PGM2025-11,True,3,Too salesy.
AM-2025,P00316,PGM2025-13,True,4,Strong speakers.
AM-2025,P00316,PGM2025-05,True,3,Great insights on policy.
AM-2025,P00316,PGM2025-15,True,3,Too salesy.
AM-2025,P00400,PGM2025-11,True,5,More examples needed.
AM-2025,P00400,PGM2025-22,True,5,Too salesy.
AM-2025,P00400,PGM2025-14,True,5,More examples needed.
AM-2025,P00400,PGM2025-16,True,5,Great insights on policy.
AM-2025,P00400,PGM2025-01,True,3,Good moderation.
AM-2025,P00400,PGM2025-05,True,3,Great insights on AI.
AM-2025,P00400,PGM2025-17,True,1,Good moderation.
AM-2025,P00400,PGM2025-04,True,4,Good moderation.
AM-2025,P00400,PGM2025-06,True,5,Loved the case study.
AM-2025,P00400,PGM2025-15,True,5,Would value a deeper dive next time.
AM-2025,P00343,PGM2025-19,True,5,Strong speakers.
AM-2025,P00343,PGM2025-20,True,2,Too salesy.
AM-2025,P00343,PGM2025-08,True,1,More examples needed.
AM-2025,P00343,PGM2025-11,True,4,Great insights on AI.
AM-2025,P00343,PGM2025-02,True,1,Strong speakers.
AM-2025,P00343,PGM2025-05,True,3,More examples needed.
AM-2025,P00343,PGM2025-03,True,5,Loved the case study.
AM-2025,P00343,PGM2025-15,True,4,Too salesy.
AM-2025,P00343,PGM2025-12,True,4,Very practical.
AM-2025,P00004,PGM2025-17,True,2,Great insights on AI.
AM-2025,P00004,PGM2025-08,True,3,Loved the case study.
AM-2025,P00004,PGM2025-21,True,5,Would value a deeper dive next time.
AM-2025,P00004,PGM2025-16,True,3,Very practical.
AM-2025,P00004,PGM2025-09,True,4,Great insights on AI.
AM-2025,P00004,PGM2025-06,True,3,Great insights on policy.
AM-2025,P00091,PGM2025-17,True,4,Very practical.
AM-2025,P00091,PGM2025-09,True,4,Great insights on AI.
AM-2025,P00091,PGM2025-03,True,5,Speaker was excellent.
AM-2025,P00091,PGM2025-04,True,4,Great insights on AI.
AM-2025,P00091,PGM2025-19,True,5,Too salesy.
AM-2025,P00091,PGM2025-12,True,4,Strong speakers.
AM-2025,P00091,PGM2025-16,True,3,Would value a deeper dive next time.
AM-2025,P00296,PGM2025-05,True,3,Great insights on AI.
AM-2025,P00296,PGM2025-02,True,3,Strong speakers.
AM-2025,P00296,PGM2025-06,True,2,Great insights on AI.
AM-2025,P00296,PGM2025-07,True,4,Speaker was excellent.
AM-2025,P00296,PGM2025-16,True,1,Excellent peer discussion.
AM-2025,P00296,PGM2025-22,True,4,More examples needed.
AM-2025,P00296,PGM2025-08,True,4,Strong speakers.
AM-2025,P00064,PGM2025-08,True,4,Loved the practical templates.
AM-2025,P00064,PGM2025-17,True,3,Very practical.
AM-2025,P00064,PGM2025-20,True,4,Would value a deeper dive next time.
AM-2025,P00064,PGM2025-10,True,4,Good moderation.
AM-2025,P00064,PGM2025-04,True,4,Loved the case study.
AM-2025,P00064,PGM2025-19,True,5,Good moderation.
AM-2025,P00064,PGM2025-02,True,4,Great insights on AI.
AM-2025,P00064,PGM2025-05,True,5,Excellent peer discussion.
AM-2025,P00064,PGM2025-14,True,4,Great insights on AI.
AM-2025,P00352,PGM2025-05,True,4,Strong speakers.
AM-2025,P00352,PGM2025-07,True,4,Strong speakers.
AM-2025,P00352,PGM2025-18,True,5,Useful benchmarks for my team.
AM-2025,P00352,PGM2025-12,True,4,Too salesy.
AM-2025,P00079,PGM2025-03,True,5,More time for Q&A please.
AM-2025,P00079,PGM2025-08,True,4,Speaker was excellent.
AM-2025,P00079,PGM2025-13,True,4,Very practical.
AM-2025,P00079,PGM2025-09,True,5,Loved the case study.
AM-2025,P00079,PGM2025-15,True,4,Very practical.
AM-2025,P00079,PGM2025-05,True,2,Great insights on AI.
AM-2025,P00079,PGM2025-19,True,5,Loved the practical templates.
AM-2025,P00378,PGM2025-11,True,2,Speaker was excellent.
AM-2025,P00378,PGM2025-15,True,3,Useful benchmarks for my team.
AM-2025,P00378,PGM2025-17,True,4,Loved the practical templates.
AM-2025,P00378,PGM2025-13,True,5,Strong speakers.
AM-2024,P00415,PGM2024-01,True,3,Great insights on policy.
AM-2024,P00415,PGM2024-20,True,3,Very practical.
AM-2024,P00415,PGM2024-16,True,4,Useful benchmarks for my team.
AM-2024,P00415,PGM2024-04,True,2,Very practical.
AM-2024,P00415,PGM2024-03,True,5,Very practical.
AM-2024,P00415,PGM2024-18,True,3,
AM-2024,P00415,PGM2024-14,True,5,Too salesy.
AM-2025,P00116,PGM2025-21,True,3,Too salesy.
AM-2025,P00116,PGM2025-03,True,5,
AM-2025,P00116,PGM2025-13,True,5,Would value a deeper dive next time.
AM-2025,P00116,PGM2025-17,True,3,Loved the case study.
AM-2024,P00168,PGM2024-18,True,5,Great insights on AI.
AM-2024,P00168,PGM2024-17,True,2,Too salesy.
AM-2024,P00168,PGM2024-04,True,4,Loved the practical templates.
AM-2024,P00168,PGM2024-16,True,2,Too salesy.
AM-2024,P00168,PGM2024-19,True,1,Would value a deeper dive next time.
AM-2024,P00336,PGM2024-13,True,5,Very practical.
AM-2024,P00336,PGM2024-04,True,5,Strong speakers.
AM-2024,P00336,PGM2024-11,True,4,Good moderation.
AM-2024,P00336,PGM2024-02,True,5,Loved the case study.
AM-2025,P00307,PGM2025-11,True,1,Great insights on AI.
AM-2025,P00307,PGM2025-12,True,4,Very practical.
AM-2025,P00307,PGM2025-04,True,4,Good moderation.
AM-2025,P00307,PGM2025-21,True,3,Great insights on AI.
AM-2025,P00234,PGM2025-07,True,4,Loved the practical templates.
AM-2025,P00234,PGM2025-05,True,4,Good moderation.
AM-2025,P00234,PGM2025-01,True,5,Useful benchmarks for my team.
AM-2025,P00234,PGM2025-20,True,3,Loved the practical templates.
AM-2025,P00242,PGM2025-06,True,5,Great insights on policy.
AM-2025,P00242,PGM2025-09,True,2,More time for Q&A please.
AM-2025,P00242,PGM2025-19,True,4,Too salesy.
AM-2025,P00242,PGM2025-07,True,2,Very practical.
AM-2024,P00358,PGM2024-20,True,2,Made me re-think our approach.
AM-2024,P00358,PGM2024-01,True,4,Very practical.
AM-2024,P00358,PGM2024-06,True,3,
AM-2024,P00358,PGM2024-07,True,2,More time for Q&A please.
AM-2024,P00358,PGM2024-14,True,4,Loved the practical templates.
AM-2024,P00358,PGM2024-17,True,4,Made me re-think our approach.
AM-2024,P00358,PGM2024-02,True,2,Strong speakers.
AM-2024,P00358,PGM2024-16,True,5,Strong speakers.
AM-2025,P00391,PGM2025-13,True,5,Great insights on AI.
AM-2025,P00391,PGM2025-18,True,4,More time for Q&A please.
AM-2025,P00391,PGM2025-22,True,4,Too salesy.
AM-2025,P00391,PGM2025-12,True,5,More examples needed.
AM-2025,P00391,PGM2025-16,True,4,Great insights on AI.
AM-2025,P00391,PGM2025-02,True,4,Good moderation.
AM-2025,P00391,PGM2025-08,True,5,More examples needed.
AM-2025,P00391,PGM2025-17,True,5,Good moderation.
AM-2025,P00391,PGM2025-10,True,2,More examples needed.
AM-2025,P00398,PGM2025-02,True,3,Great insights on policy.
AM-2025,P00398,PGM2025-19,True,2,
AM-2025,P00398,PGM2025-11,True,5,Loved the case study.
AM-2025,P00398,PGM2025-16,True,4,Strong speakers.
AM-2025,P00398,PGM2025-01,True,4,Too salesy.
AM-2025,P00248,PGM2025-20,True,3,Loved the case study.
AM-2025,P00248,PGM2025-16,True,4,Excellent peer discussion.
AM-2025,P00248,PGM2025-15,True,2,Loved the case study.
AM-2025,P00248,PGM2025-03,True,5,Very practical.
AM-2025,P00248,PGM2025-10,True,4,More examples needed.
AM-2025,P00248,PGM2025-04,True,5,Great insights on AI.
AM-2025,P00248,PGM2025-09,True,4,Very practical.
AM-2025,P00248,PGM2025-19,True,2,Too salesy.
AM-2025,P00067,PGM2025-09,True,5,Loved the practical templates.
AM-2025,P00067,PGM2025-05,True,4,Good moderation.
AM-2025,P00067,PGM2025-10,True,4,Good moderation.
AM-2025,P00067,PGM2025-12,True,4,
AM-2025,P00067,PGM2025-08,True,3,More time for Q&A please.
AM-2025,P00067,PGM2025-20,True,3,Strong speakers.
AM-2025,P00150,PGM2025-20,True,4,Too salesy.
AM-2025,P00150,PGM2025-15,True,5,Very practical.
AM-2025,P00150,PGM2025-09,True,4,Excellent peer discussion.
AM-2025,P00150,PGM2025-10,True,3,Great insights on AI.
AM-2025,P00150,PGM2025-06,True,5,Good moderation.
AM-2025,P00150,PGM2025-13,True,3,Speaker was excellent.
AM-2025,P00113,PGM2025-07,True,4,Strong speakers.
AM-2025,P00113,PGM2025-17,True,4,Good moderation.
AM-2025,P00113,PGM2025-09,True,2,Great insights on AI.
AM-2025,P00113,PGM2025-02,True,2,Great insights on AI.
AM-2025,P00221,PGM2025-14,True,4,
AM-2025,P00221,PGM2025-16,True,5,Great insights on AI.
AM-2025,P00221,PGM2025-01,True,1,More examples needed.
AM-2025,P00221,PGM2025-17,True,5,Speaker was excellent.
AM-2025,P00221,PGM2025-12,True,4,Too salesy.
AM-2025,P00221,PGM2025-10,True,4,Too salesy.
AM-2025,P00221,PGM2025-02,True,1,Very practical.
AM-2025,P00221,PGM2025-08,True,5,Made me re-think our approach.
AM-2025,P00100,PGM2025-01,True,5,More examples needed.
AM-2025,P00100,PGM2025-17,True,5,Useful benchmarks for my team.
AM-2025,P00100,PGM2025-18,True,3,Too salesy.
AM-2025,P00100,PGM2025-16,True,5,More examples needed.
AM-2025,P00100,PGM2025-12,True,5,Good moderation.
AM-2025,P00100,PGM2025-08,True,4,Made me re-think our approach.
AM-2025,P00100,PGM2025-06,True,4,Good moderation.
AM-2025,P00100,PGM2025-02,True,1,Loved the case study.
AM-2025,P00016,PGM2025-02,True,5,Excellent peer discussion.
AM-2025,P00016,PGM2025-13,True,4,Good moderation.
AM-2025,P00016,PGM2025-15,True,5,Excellent peer discussion.
AM-2025,P00016,PGM2025-17,True,5,
AM-2025,P00383,PGM2025-04,True,2,Strong speakers.
AM-2025,P00383,PGM2025-03,True,4,Great insights on AI.
AM-2025,P00383,PGM2025-18,True,5,More examples needed.
AM-2025,P00383,PGM2025-06,True,4,Too salesy.
AM-2025,P00383,PGM2025-07,True,5,Useful benchmarks for my team.
AM-2025,P00383,PGM2025-21,True,5,More time for Q&A please.
AM-2025,P00200,PGM2025-19,True,5,Would value a deeper dive next time.
AM-2025,P00200,PGM2025-12,True,4,Too salesy.
AM-2025,P00200,PGM2025-01,True,4,Loved the practical templates.
AM-2025,P00200,PGM2025-04,True,4,Great insights on AI.
AM-2025,P00200,PGM2025-03,True,4,Useful benchmarks for my team.
AM-2025,P00200,PGM2025-15,True,4,Very practical.
AM-2025,P00200,PGM2025-22,True,4,Excellent peer discussion.
AM-2025,P00200,PGM2025-10,True,3,Would value a deeper dive next time.
AM-2025,P00200,PGM2025-17,True,3,Excellent peer discussion.
AM-2025,P00200,PGM2025-06,True,5,Good moderation.
AM-2024,P00374,PGM2024-13,True,2,Loved the case study.
AM-2024,P00374,PGM2024-12,True,5,Too salesy.
AM-2024,P00374,PGM2024-16,True,1,Strong speakers.
AM-2024,P00374,PGM2024-03,True,4,Strong speakers.
AM-2024,P00374,PGM2024-11,True,5,Very practical.
AM-2024,P00374,PGM2024-06,True,5,Great insights on AI.
AM-2024,P00374,PGM2024-05,True,3,Good moderation.
AM-2024,P00374,PGM2024-08,True,5,Strong speakers.
AM-2025,P00098,PGM2025-10,True,4,Too salesy.
AM-2025,P00098,PGM2025-18,True,2,More examples needed.
AM-2025,P00098,PGM2025-08,True,1,
AM-2025,P00098,PGM2025-06,True,4,Strong speakers.
AM-2025,P00098,PGM2025-19,True,5,Great insights on AI.
AM-2025,P00098,PGM2025-22,True,5,More time for Q&A please.
AM-2025,P00098,PGM2025-16,True,4,Strong speakers.
AM-2025,P00093,PGM2025-21,True,4,Great insights on policy.
AM-2025,P00093,PGM2025-10,True,4,Good moderation.
AM-2025,P00093,PGM2025-04,True,4,More examples needed.
AM-2025,P00093,PGM2025-03,True,4,Great insights on AI.
AM-2025,P00093,PGM2025-20,True,5,Very practical.
AM-2025,P00093,PGM2025-16,True,5,Loved the case study.
AM-2025,P00093,PGM2025-05,True,4,Good moderation.
AM-2025,P00093,PGM2025-14,True,4,Excellent peer discussion.
AM-2025,P00093,PGM2025-13,True,4,More time for Q&A please.
AM-2025,P00093,PGM2025-06,True,4,Great insights on AI.
AM-2024,P00044,PGM2024-22,True,4,Great insights on AI.
AM-2024,P00044,PGM2024-10,True,5,Great insights on AI.
AM-2024,P00044,PGM2024-04,True,5,Speaker was excellent.
AM-2024,P00044,PGM2024-19,True,1,More examples needed.
AM-2024,P00044,PGM2024-17,True,4,Loved the case study.
AM-2025,P00003,PGM2025-01,True,4,Excellent peer discussion.
AM-2025,P00003,PGM2025-12,True,3,Great insights on AI.
AM-2025,P00003,PGM2025-13,True,5,Very practical.
AM-2025,P00003,PGM2025-02,True,3,Strong speakers.
AM-2025,P00003,PGM2025-09,True,5,Great insights on AI.
AM-2025,P00003,PGM2025-17,True,3,Would value a deeper dive next time.
AM-2025,P00003,PGM2025-03,True,4,More time for Q&A please.
AM-2025,P00003,PGM2025-11,True,3,Good moderation.
AM-2025,P00003,PGM2025-06,True,4,Strong speakers.
AM-2025,P00254,PGM2025-18,True,5,Too salesy.
AM-2025,P00254,PGM2025-08,True,4,Loved the case study.
AM-2025,P00254,PGM2025-09,True,5,Useful benchmarks for my team.
AM-2025,P00254,PGM2025-01,True,4,Good moderation.
AM-2025,P00254,PGM2025-14,True,4,Strong speakers.
AM-2025,P00254,PGM2025-12,True,4,Great insights on AI.
AM-2025,P00015,PGM2025-18,True,4,More time for Q&A please.
AM-2025,P00015,PGM2025-17,True,5,Loved the case study.
AM-2025,P00015,PGM2025-15,True,5,Useful benchmarks for my team.
AM-2025,P00015,PGM2025-03,True,5,Great insights on AI.
AM-2025,P00015,PGM2025-02,True,5,Strong speakers.
AM-2025,P00015,PGM2025-12,True,5,Very practical.
AM-2025,P00015,PGM2025-19,True,4,Useful benchmarks for my team.
AM-2024,P00317,PGM2024-01,True,4,Made me re-think our approach.
AM-2024,P00317,PGM2024-20,True,4,Great insights on policy.
AM-2024,P00317,PGM2024-11,True,4,Too salesy.
AM-2024,P00317,PGM2024-09,True,1,Strong speakers.
AM-2024,P00317,PGM2024-17,True,3,Made me re-think our approach.
AM-2024,P00317,PGM2024-07,True,3,Loved the case study.
AM-2025,P00246,PGM2025-04,True,4,Very practical.
AM-2025,P00246,PGM2025-15,True,4,More examples needed.
AM-2025,P00246,PGM2025-08,True,5,More examples needed.
AM-2025,P00246,PGM2025-12,True,3,Strong speakers.
AM-2025,P00246,PGM2025-09,True,3,Good moderation.
AM-2025,P00246,PGM2025-02,True,4,Too salesy.
AM-2025,P00246,PGM2025-20,True,4,Loved the case study.
AM-2025,P00246,PGM2025-17,True,5,Too salesy.
AM-2025,P00102,PGM2025-11,True,3,Too salesy.
AM-2025,P00102,PGM2025-07,True,4,Loved the case study.
AM-2025,P00102,PGM2025-01,True,4,Great insights on AI.
AM-2025,P00102,PGM2025-18,True,4,Would value a deeper dive next time.
AM-2025,P00102,PGM2025-03,True,4,Very practical.
AM-2025,P00102,PGM2025-16,True,4,Good moderation.
AM-2025,P00102,PGM2025-19,True,5,Very practical.
AM-2025,P00102,PGM2025-04,True,2,Loved the practical templates.
AM-2025,P00345,PGM2025-18,True,2,Would value a deeper dive next time.
AM-2025,P00345,PGM2025-17,True,5,Too salesy.
AM-2025,P00345,PGM2025-21,True,4,Very practical.
AM-2025,P00345,PGM2025-06,True,4,Loved the case study.
AM-2025,P00345,PGM2025-05,True,3,Great insights on AI.
AM-2025,P00345,PGM2025-12,True,4,Loved the case study.
AM-2025,P00080,PGM2025-11,True,5,Great insights on AI.
AM-2025,P00080,PGM2025-03,True,4,Loved the case study.
AM-2025,P00080,PGM2025-16,True,4,
AM-2025,P00080,PGM2025-07,True,3,Excellent peer discussion.
AM-2025,P00080,PGM2025-10,True,3,Made me re-think our approach.
AM-2025,P00101,PGM2025-11,True,3,Would value a deeper dive next time.
AM-2025,P00101,PGM2025-03,True,4,Loved the case study.
AM-2025,P00101,PGM2025-19,True,4,Very practical.
AM-2025,P00101,PGM2025-06,True,5,Great insights on AI.
AM-2025,P00101,PGM2025-12,True,3,Loved the case study.
AM-2025,P00101,PGM2025-13,True,3,Great insights on AI.
AM-2025,P00101,PGM2025-18,True,4,Loved the case study.
AM-2025,P00192,PGM2025-21,True,5,Loved the case study.
AM-2025,P00192,PGM2025-17,True,5,Loved the case study.
AM-2025,P00192,PGM2025-16,True,5,Excellent peer discussion.
AM-2025,P00192,PGM2025-05,True,5,More examples needed.
AM-2025,P00192,PGM2025-07,True,4,More examples needed.
AM-2025,P00192,PGM2025-19,True,4,Excellent peer discussion.
AM-2025,P00158,PGM2025-14,True,4,Loved the case study.
AM-2025,P00158,PGM2025-05,True,1,Excellent peer discussion.
AM-2025,P00158,PGM2025-02,True,5,Strong speakers.
AM-2025,P00158,PGM2025-21,True,5,Loved the case study.
AM-2024,P00072,PGM2024-04,True,4,Great insights on policy.
AM-2024,P00072,PGM2024-15,True,1,Loved the case study.
AM-2024,P00072,PGM2024-14,True,4,Very practical.
AM-2024,P00072,PGM2024-20,True,1,Loved the practical templates.
AM-2024,P00072,PGM2024-11,True,5,Loved the case study.
AM-2024,P00072,PGM2024-13,True,5,Too salesy.
AM-2024,P00072,PGM2024-09,True,3,Very practical.
AM-2025,P00132,PGM2025-12,True,3,Loved the case study.
AM-2025,P00132,PGM2025-02,True,3,Loved the case study.
AM-2025,P00132,PGM2025-22,True,4,Useful benchmarks for my team.
AM-2025,P00132,PGM2025-20,True,3,Strong speakers.
AM-2025,P00132,PGM2025-06,True,4,Great insights on AI.
AM-2025,P00132,PGM2025-10,True,5,More examples needed.
AM-2025,P00132,PGM2025-14,True,4,Too salesy.
AM-2025,P00132,PGM2025-04,True,2,Strong speakers.
AM-2025,P00132,PGM2025-18,True,4,Very practical.
AM-2025,P00174,PGM2025-19,True,3,Would value a deeper dive next time.
AM-2025,P00174,PGM2025-18,True,4,Great insights on AI.
AM-2025,P00174,PGM2025-12,True,3,
AM-2025,P00174,PGM2025-14,True,2,Too salesy.
AM-2025,P00174,PGM2025-22,True,3,Would value a deeper dive next time.
AM-2025,P00174,PGM2025-03,True,1,Good moderation.
AM-2025,P00174,PGM2025-10,True,4,Useful benchmarks for my team.
AM-2025,P00389,PGM2025-11,True,5,Good moderation.
AM-2025,P00389,PGM2025-08,True,5,Strong speakers.
AM-2025,P00389,PGM2025-21,True,3,More time for Q&A please.
AM-2025,P00389,PGM2025-20,True,2,Excellent peer discussion.
AM-2025,P00389,PGM2025-06,True,5,Great insights on AI.
AM-2025,P00389,PGM2025-15,True,4,More examples needed.
AM-2025,P00389,PGM2025-05,True,1,Good moderation.
AM-2025,P00389,PGM2025-12,True,5,Loved the case study.
AM-2025,P00389,PGM2025-22,True,5,Great insights on AI.
AM-2025,P00325,PGM2025-03,True,5,Made me re-think our approach.
AM-2025,P00325,PGM2025-12,True,2,Too salesy.
AM-2025,P00325,PGM2025-16,True,5,Strong speakers.
AM-2025,P00325,PGM2025-21,True,5,Too salesy.
AM-2025,P00325,PGM2025-04,True,5,Loved the case study.
AM-2025,P00325,PGM2025-22,True,3,Strong speakers.
AM-2025,P00325,PGM2025-17,True,4,Made me re-think our approach.
AM-2025,P00325,PGM2025-07,True,4,Very practical.
AM-2025,P00325,PGM2025-13,True,3,More time for Q&A please.
AM-2025,P00295,PGM2025-22,True,4,Great insights on AI.
AM-2025,P00295,PGM2025-17,True,4,
AM-2025,P00295,PGM2025-08,True,5,More examples needed.
AM-2025,P00295,PGM2025-12,True,4,Made me re-think our approach.
AM-2025,P00076,PGM2025-05,True,4,More time for Q&A please.
AM-2025,P00076,PGM2025-07,True,5,Loved the case study.
AM-2025,P00076,PGM2025-12,True,5,Great insights on AI.
AM-2025,P00076,PGM2025-10,True,5,Strong speakers.
AM-2025,P00076,PGM2025-09,True,5,Very practical.
AM-2025,P00076,PGM2025-11,True,5,More time for Q&A please.
AM-2025,P00076,PGM2025-14,True,2,Strong speakers.
AM-2025,P00076,PGM2025-03,True,4,More examples needed.
AM-2025,P00076,PGM2025-21,True,2,Good moderation.
AM-2025,P00076,PGM2025-19,True,5,Good moderation.
AM-2025,P00126,PGM2025-10,True,3,Excellent peer discussion.
AM-2025,P00126,PGM2025-19,True,4,Useful benchmarks for my team.
AM-2025,P00126,PGM2025-09,True,3,Useful benchmarks for my team.
AM-2025,P00126,PGM2025-02,True,5,Great insights on AI.
AM-2025,P00126,PGM2025-03,True,4,Loved the case study.
AM-2025,P00126,PGM2025-07,True,5,Very practical.
AM-2025,P00126,PGM2025-05,True,4,More examples needed.
AM-2025,P00126,PGM2025-20,True,4,Useful benchmarks for my team.
AM-2025,P00126,PGM2025-13,True,4,Loved the case study.
AM-2025,P00126,PGM2025-06,True,4,Strong speakers.
AM-2025,P00260,PGM2025-02,True,5,Would value a deeper dive next time.
AM-2025,P00260,PGM2025-08,True,3,Loved the case study.
AM-2025,P00260,PGM2025-07,True,4,Loved the practical templates.
AM-2025,P00260,PGM2025-21,True,5,Loved the case study.
AM-2025,P00260,PGM2025-05,True,5,Great insights on AI.
AM-2025,P00167,PGM2025-04,True,5,More examples needed.
AM-2025,P00167,PGM2025-17,True,4,Loved the case study.
AM-2025,P00167,PGM2025-16,True,4,Loved the case study.
AM-2025,P00167,PGM2025-11,True,5,Would value a deeper dive next time.
AM-2025,P00167,PGM2025-13,True,4,More examples needed.
AM-2025,P00167,PGM2025-02,True,3,Good moderation.
AM-2024,P00217,PGM2024-02,True,4,Loved the case study.
AM-2024,P00217,PGM2024-10,True,4,More time for Q&A please.
AM-2024,P00217,PGM2024-06,True,3,Loved the practical templates.
AM-2024,P00217,PGM2024-13,True,4,Made me re-think our approach.
AM-2024,P00217,PGM2024-22,True,4,Good moderation.
AM-2024,P00217,PGM2024-07,True,5,Loved the case study.
AM-2025,P00412,PGM2025-13,True,5,Good moderation.
AM-2025,P00412,PGM2025-01,True,4,Speaker was excellent.
AM-2025,P00412,PGM2025-06,True,4,Loved the case study.
AM-2025,P00412,PGM2025-08,True,4,More examples needed.
AM-2025,P00059,PGM2025-06,True,5,Very practical.
AM-2025,P00059,PGM2025-01,True,3,Would value a deeper dive next time.
AM-2025,P00059,PGM2025-14,True,4,More examples needed.
AM-2025,P00059,PGM2025-16,True,4,Would value a deeper dive next time.
AM-2025,P00059,PGM2025-02,True,3,Good moderation.
AM-2025,P00059,PGM2025-07,True,4,Good moderation.
AM-2025,P00059,PGM2025-19,True,5,Great insights on AI.
AM-2025,P00059,PGM2025-18,True,2,Very practical.
AM-2024,P00338,PGM2024-15,True,4,Good moderation.
AM-2024,P00338,PGM2024-06,True,4,Excellent peer discussion.
AM-2024,P00338,PGM2024-13,True,4,More examples needed.
AM-2024,P00338,PGM2024-16,True,4,Good moderation.
AM-2025,P00131,PGM2025-15,True,3,Strong speakers.
AM-2025,P00131,PGM2025-02,True,3,Great insights on AI.
AM-2025,P00131,PGM2025-13,True,3,Useful benchmarks for my team.
AM-2025,P00131,PGM2025-12,True,5,Made me re-think our approach.
AM-2025,P00131,PGM2025-17,True,3,Useful benchmarks for my team.
AM-2025,P00131,PGM2025-08,True,5,Too salesy.
AM-2025,P00021,PGM2025-01,True,4,More examples needed.
AM-2025,P00021,PGM2025-16,True,1,Loved the case study.
AM-2025,P00021,PGM2025-20,True,4,Good moderation.
AM-2025,P00021,PGM2025-19,True,3,Very practical.
AM-2025,P00021,PGM2025-15,True,2,Loved the practical templates.
AM-2025,P00021,PGM2025-13,True,4,Would value a deeper dive next time.
AM-2025,P00021,PGM2025-10,True,4,Very practical.
AM-2025,P00021,PGM2025-17,True,3,Great insights on AI.
AM-2025,P00365,PGM2025-04,True,4,Too salesy.
AM-2025,P00365,PGM2025-17,True,4,More examples needed.
AM-2025,P00365,PGM2025-05,True,3,Good moderation.
AM-2025,P00365,PGM2025-03,True,4,Useful benchmarks for my team.
AM-2025,P00365,PGM2025-02,True,1,Loved the case study.
AM-2025,P00365,PGM2025-08,True,2,Too salesy.
AM-2025,P00365,PGM2025-19,True,3,Loved the case study.
AM-2025,P00365,PGM2025-16,True,4,Would value a deeper dive next time.
AM-2025,P00375,PGM2025-14,True,4,More time for Q&A please.
AM-2025,P00375,PGM2025-15,True,5,Loved the case study.
AM-2025,P00375,PGM2025-06,True,1,Great insights on AI.
AM-2025,P00375,PGM2025-22,True,5,Too salesy.
AM-2025,P00375,PGM2025-20,True,2,Too salesy.
AM-2025,P00375,PGM2025-04,True,4,Speaker was excellent.
AM-2025,P00375,PGM2025-21,True,4,Good moderation.
AM-2025,P00375,PGM2025-16,True,3,Useful benchmarks for my team.
AM-2024,P00024,PGM2024-18,True,4,Great insights on AI.
AM-2024,P00024,PGM2024-20,True,4,Great insights on policy.
AM-2024,P00024,PGM2024-06,True,4,Very practical.
AM-2024,P00024,PGM2024-12,True,5,Too salesy.
AM-2024,P00024,PGM2024-15,True,3,Good moderation.
AM-2024,P00024,PGM2024-07,True,1,Loved the case study.
AM-2024,P00024,PGM2024-16,True,4,Very practical.
AM-2024,P00024,PGM2024-03,True,3,Great insights on AI.
AM-2025,P00063,PGM2025-10,True,4,Great insights on AI.
AM-2025,P00063,PGM2025-16,True,5,More examples needed.
AM-2025,P00063,PGM2025-13,True,5,Great insights on AI.
AM-2025,P00063,PGM2025-01,True,2,Too salesy.
AM-2025,P00063,PGM2025-14,True,5,Great insights on AI.
AM-2025,P00063,PGM2025-20,True,5,Made me re-think our approach.
AM-2025,P00063,PGM2025-08,True,3,Very practical.
AM-2025,P00176,PGM2025-10,True,3,Speaker was excellent.
AM-2025,P00176,PGM2025-18,True,5,Very practical.
AM-2025,P00176,PGM2025-22,True,1,Too salesy.
AM-2025,P00176,PGM2025-06,True,5,Useful benchmarks for my team.
AM-2025,P00176,PGM2025-07,True,5,Great insights on policy.
AM-2025,P00176,PGM2025-03,True,2,Loved the case study.
AM-2024,P00318,PGM2024-02,True,5,Great insights on policy.
AM-2024,P00318,PGM2024-22,True,2,Strong speakers.
AM-2024,P00318,PGM2024-09,True,4,Very practical.
AM-2024,P00318,PGM2024-17,True,5,Great insights on AI.
AM-2024,P00318,PGM2024-11,True,4,Loved the case study.
AM-2025,P00288,PGM2025-20,True,4,Good moderation.
AM-2025,P00288,PGM2025-04,True,5,Made me re-think our approach.
AM-2025,P00288,PGM2025-22,True,5,Loved the case study.
AM-2025,P00288,PGM2025-17,True,2,Great insights on AI.
AM-2025,P00288,PGM2025-01,True,4,Strong speakers.
AM-2025,P00208,PGM2025-20,True,5,Useful benchmarks for my team.
AM-2025,P00208,PGM2025-06,True,4,Speaker was excellent.
AM-2025,P00208,PGM2025-22,True,3,Loved the case study.
AM-2025,P00208,PGM2025-17,True,2,More examples needed.
AM-2025,P00208,PGM2025-21,True,2,Excellent peer discussion.
AM-2025,P00208,PGM2025-14,True,5,Strong speakers.
AM-2025,P00208,PGM2025-18,True,5,Great insights on AI.
AM-2025,P00208,PGM2025-02,True,4,Loved the case study.
AM-2024,P00062,PGM2024-01,True,5,Loved the case study.
AM-2024,P00062,PGM2024-17,True,1,Loved the practical templates.
AM-2024,P00062,PGM2024-09,True,4,Great insights on policy.
AM-2024,P00062,PGM2024-03,True,5,Great insights on AI.
AM-2024,P00062,PGM2024-13,True,4,Useful benchmarks for my team.
AM-2024,P00062,PGM2024-20,True,5,Excellent peer discussion.
AM-2024,P00062,PGM2024-16,True,4,Too salesy.
AM-2024,P00062,PGM2024-02,True,4,Too salesy.
AM-2024,P00249,PGM2024-02,True,4,Strong speakers.
AM-2024,P00249,PGM2024-05,True,4,Excellent peer discussion.
AM-2024,P00249,PGM2024-07,True,3,Excellent peer discussion.
AM-2024,P00249,PGM2024-03,True,5,Very practical.
AM-2024,P00249,PGM2024-22,True,3,Too salesy.
AM-2024,P00249,PGM2024-18,True,3,Too salesy.
AM-2024,P00249,PGM2024-06,True,4,More time for Q&A please.
AM-2024,P00249,PGM2024-04,True,4,Loved the case study.
AM-2024,P00026,PGM2024-05,True,5,Speaker was excellent.
AM-2024,P00026,PGM2024-12,True,5,Great insights on AI.
AM-2024,P00026,PGM2024-15,True,4,Great insights on policy.
AM-2024,P00026,PGM2024-04,True,4,Very practical.
AM-2024,P00026,PGM2024-16,True,5,Good moderation.
AM-2024,P00026,PGM2024-17,True,5,Loved the case study.
AM-2024,P00026,PGM2024-03,True,5,Useful benchmarks for my team.
AM-2025,P00274,PGM2025-07,True,3,Excellent peer discussion.
AM-2025,P00274,PGM2025-11,True,5,Too salesy.
AM-2025,P00274,PGM2025-04,True,4,Loved the practical templates.
AM-2025,P00274,PGM2025-08,True,4,Too salesy.
AM-2025,P00274,PGM2025-20,True,5,Good moderation.
AM-2025,P00202,PGM2025-12,True,5,Good moderation.
AM-2025,P00202,PGM2025-03,True,4,Good moderation.
AM-2025,P00202,PGM2025-22,True,3,Strong speakers.
AM-2025,P00202,PGM2025-10,True,5,Loved the practical templates.
AM-2025,P00202,PGM2025-17,True,4,Very practical.
AM-2025,P00202,PGM2025-20,True,4,Strong speakers.
AM-2025,P00202,PGM2025-08,True,2,
AM-2025,P00202,PGM2025-15,True,5,Excellent peer discussion.
AM-2025,P00202,PGM2025-18,True,4,Loved the case study.
AM-2025,P00202,PGM2025-07,True,5,Strong speakers.
AM-2025,P00401,PGM2025-03,True,3,Strong speakers.
AM-2025,P00401,PGM2025-11,True,5,Good moderation.
AM-2025,P00401,PGM2025-01,True,4,Strong speakers.
AM-2025,P00401,PGM2025-16,True,2,Great insights on AI.
AM-2025,P00401,PGM2025-17,True,4,Very practical.
AM-2025,P00401,PGM2025-19,True,4,Loved the practical templates.
AM-2025,P00401,PGM2025-22,True,4,Very practical.
AM-2025,P00401,PGM2025-09,True,4,Great insights on AI.
AM-2025,P00401,PGM2025-18,True,4,Good moderation.
AM-2025,P00061,PGM2025-01,True,4,Loved the case study.
AM-2025,P00061,PGM2025-09,True,4,Great insights on AI.
AM-2025,P00061,PGM2025-21,True,3,Great insights on AI.
AM-2025,P00061,PGM2025-18,True,2,Strong speakers.
AM-2025,P00061,PGM2025-22,True,3,Loved the case study.
AM-2025,P00061,PGM2025-04,True,4,Loved the case study.
AM-2025,P00184,PGM2025-15,True,2,Great insights on policy.
AM-2025,P00184,PGM2025-03,True,4,More examples needed.
AM-2025,P00184,PGM2025-06,True,4,Speaker was excellent.
AM-2025,P00184,PGM2025-16,True,4,Speaker was excellent.
AM-2025,P00184,PGM2025-05,True,2,Strong speakers.
AM-2025,P00184,PGM2025-10,True,4,Very practical.
AM-2025,P00184,PGM2025-09,True,4,Useful benchmarks for my team.
AM-2025,P00184,PGM2025-12,True,4,Loved the case study.
AM-2025,P00111,PGM2025-07,True,5,Loved the case study.
AM-2025,P00111,PGM2025-15,True,4,Loved the case study.
AM-2025,P00111,PGM2025-13,True,5,Loved the case study.
AM-2025,P00111,PGM2025-11,True,4,Very practical.
AM-2025,P00111,PGM2025-06,True,5,Strong speakers.
AM-2025,P00111,PGM2025-17,True,4,Great insights on AI.
AM-2025,P00111,PGM2025-20,True,4,Loved the practical templates.
AM-2025,P00111,PGM2025-10,True,5,Too salesy.
AM-2025,P00111,PGM2025-08,True,2,Strong speakers.
AM-2025,P00268,PGM2025-03,True,4,Very practical.
AM-2025,P00268,PGM2025-17,True,5,Too salesy.
AM-2025,P00268,PGM2025-19,True,3,Great insights on AI.
AM-2025,P00268,PGM2025-06,True,4,Would value a deeper dive next time.
AM-2025,P00268,PGM2025-21,True,5,Loved the practical templates.
AM-2025,P00268,PGM2025-01,True,4,Strong speakers.
AM-2025,P00268,PGM2025-15,True,3,Strong speakers.
AM-2025,P00268,PGM2025-05,True,5,Great insights on AI.
AM-2025,P00268,PGM2025-07,True,5,Made me re-think our approach.
AM-2025,P00294,PGM2025-10,True,5,Strong speakers.
AM-2025,P00294,PGM2025-20,True,3,Loved the case study.
AM-2025,P00294,PGM2025-14,True,5,More examples needed.
AM-2025,P00294,PGM2025-05,True,5,Too salesy.
AM-2025,P00017,PGM2025-15,True,4,Strong speakers.
AM-2025,P00017,PGM2025-18,True,4,More examples needed.
AM-2025,P00017,PGM2025-12,True,4,
AM-2025,P00017,PGM2025-01,True,3,Would value a deeper dive next time.
AM-2025,P00017,PGM2025-04,True,5,Very practical.
AM-2025,P00017,PGM2025-03,True,3,Loved the case study.
AM-2025,P00017,PGM2025-19,True,5,Very practical.
AM-2025,P00017,PGM2025-20,True,3,Too salesy.
AM-2025,P00244,PGM2025-17,True,3,Great insights on AI.
AM-2025,P00244,PGM2025-03,True,4,Good moderation.
AM-2025,P00244,PGM2025-02,True,3,Made me re-think our approach.
AM-2025,P00244,PGM2025-21,True,3,
AM-2025,P00244,PGM2025-08,True,5,Excellent peer discussion.
AM-2025,P00244,PGM2025-11,True,1,Very practical.
AM-2025,P00244,PGM2025-18,True,4,Great insights on AI.
AM-2025,P00244,PGM2025-19,True,4,Excellent peer discussion.
AM-2025,P00244,PGM2025-14,True,5,Useful benchmarks for my team.
AM-2025,P00244,PGM2025-06,True,5,Loved the case study.
AM-2025,P00235,PGM2025-04,True,3,Strong speakers.
AM-2025,P00235,PGM2025-15,True,4,
AM-2025,P00235,PGM2025-22,True,3,Too salesy.
AM-2025,P00235,PGM2025-05,True,4,Too salesy.
AM-2025,P00342,PGM2025-18,True,5,More examples needed.
AM-2025,P00342,PGM2025-19,True,2,Too salesy.
AM-2025,P00342,PGM2025-02,True,5,Useful benchmarks for my team.
AM-2025,P00342,PGM2025-22,True,3,Great insights on policy.
AM-2025,P00342,PGM2025-13,True,5,Good moderation.
AM-2025,P00342,PGM2025-17,True,5,Loved the case study.
AM-2025,P00342,PGM2025-09,True,4,Loved the practical templates.
AM-2025,P00342,PGM2025-05,True,1,Strong speakers.
AM-2025,P00342,PGM2025-15,True,4,Good moderation.
AM-2025,P00342,PGM2025-11,True,4,Too salesy.
AM-2025,P00108,PGM2025-12,True,4,Good moderation.
AM-2025,P00108,PGM2025-03,True,5,Great insights on AI.
AM-2025,P00108,PGM2025-04,True,3,Strong speakers.
AM-2025,P00108,PGM2025-16,True,5,Strong speakers.
AM-2025,P00108,PGM2025-09,True,5,Strong speakers.
AM-2025,P00108,PGM2025-13,True,5,Would value a deeper dive next time.
AM-2025,P00108,PGM2025-11,True,4,Would value a deeper dive next time.
AM-2025,P00108,PGM2025-08,True,4,Loved the case study.
AM-2025,P00108,PGM2025-21,True,2,Useful benchmarks for my team.
AM-2025,P00108,PGM2025-18,True,3,Very practical.
AM-2025,P00287,PGM2025-12,True,5,Strong speakers.
AM-2025,P00287,PGM2025-01,True,3,Great insights on AI.
AM-2025,P00287,PGM2025-18,True,5,Loved the practical templates.
AM-2025,P00287,PGM2025-11,True,4,Very practical.
AM-2025,P00287,PGM2025-10,True,4,Very practical.
AM-2024,P00206,PGM2024-01,True,4,Speaker was excellent.
AM-2024,P00206,PGM2024-20,True,5,Would value a deeper dive next time.
AM-2024,P00206,PGM2024-09,True,1,Speaker was excellent.
AM-2024,P00206,PGM2024-16,True,3,Made me re-think our approach.
AM-2024,P00206,PGM2024-05,True,1,Good moderation.
AM-2024,P00206,PGM2024-04,True,3,Loved the practical templates.
AM-2024,P00206,PGM2024-11,True,2,Good moderation.
AM-2024,P00206,PGM2024-15,True,4,Great insights on AI.
AM-2024,P00117,PGM2024-08,True,3,Too salesy.
AM-2024,P00117,PGM2024-21,True,4,Very practical.
AM-2024,P00117,PGM2024-20,True,5,Speaker was excellent.
AM-2024,P00117,PGM2024-10,True,5,Great insights on policy.
AM-2024,P00117,PGM2024-04,True,4,Good moderation.
AM-2024,P00117,PGM2024-13,True,5,
AM-2024,P00117,PGM2024-03,True,4,More examples needed.
AM-2024,P00117,PGM2024-22,True,4,Excellent peer discussion.
AM-2024,P00117,PGM2024-01,True,3,Strong speakers.
AM-2024,P00117,PGM2024-02,True,2,Great insights on AI.
AM-2024,P00399,PGM2024-13,True,5,Excellent peer discussion.
AM-2024,P00399,PGM2024-16,True,4,Useful benchmarks for my team.
AM-2024,P00399,PGM2024-07,True,1,Too salesy.
AM-2024,P00399,PGM2024-21,True,5,Good moderation.
AM-2024,P00399,PGM2024-20,True,4,Loved the case study.
AM-2024,P00105,PGM2024-19,True,4,Strong speakers.
AM-2024,P00105,PGM2024-20,True,3,Very practical.
AM-2024,P00105,PGM2024-16,True,4,Loved the case study.
AM-2024,P00105,PGM2024-18,True,4,Very practical.
AM-2024,P00105,PGM2024-09,True,4,Great insights on AI.
AM-2025,P00255,PGM2025-13,True,5,Very practical.
AM-2025,P00255,PGM2025-17,True,3,Loved the case study.
AM-2025,P00255,PGM2025-22,True,5,Loved the case study.
AM-2025,P00255,PGM2025-05,True,5,Good moderation.
AM-2025,P00346,PGM2025-19,True,5,More examples needed.
AM-2025,P00346,PGM2025-02,True,2,Great insights on policy.
AM-2025,P00346,PGM2025-15,True,4,Strong speakers.
AM-2025,P00346,PGM2025-17,True,3,More examples needed.
AM-2025,P00346,PGM2025-20,True,4,Too salesy.
AM-2025,P00346,PGM2025-01,True,5,Strong speakers.
AM-2025,P00346,PGM2025-22,True,5,Too salesy.
AM-2025,P00346,PGM2025-13,True,4,Very practical.
AM-2025,P00346,PGM2025-16,True,5,Great insights on AI.
AM-2025,P00344,PGM2025-15,True,2,Too salesy.
AM-2025,P00344,PGM2025-08,True,2,Would value a deeper dive next time.
AM-2025,P00344,PGM2025-10,True,2,Strong speakers.
AM-2025,P00344,PGM2025-12,True,3,More examples needed.
AM-2025,P00344,PGM2025-18,True,3,Loved the case study.
AM-2025,P00344,PGM2025-17,True,4,Useful benchmarks for my team.
AM-2025,P00170,PGM2025-11,True,4,More examples needed.
AM-2025,P00170,PGM2025-05,True,5,More examples needed.
AM-2025,P00170,PGM2025-16,True,4,Loved the case study.
AM-2025,P00170,PGM2025-14,True,4,Too salesy.
AM-2025,P00170,PGM2025-15,True,4,Useful benchmarks for my team.
AM-2025,P00170,PGM2025-12,True,4,Too salesy.
AM-2025,P00170,PGM2025-17,True,1,Excellent peer discussion.
AM-2025,P00170,PGM2025-08,True,4,Loved the practical templates.
AM-2025,P00170,PGM2025-13,True,5,Would value a deeper dive next time.
AM-2025,P00170,PGM2025-20,True,4,Very practical.
AM-2025,P00306,PGM2025-11,True,5,Very practical.
AM-2025,P00306,PGM2025-06,True,5,Very practical.
AM-2025,P00306,PGM2025-16,True,5,Too salesy.
AM-2025,P00306,PGM2025-20,True,3,Useful benchmarks for my team.
AM-2025,P00306,PGM2025-05,True,5,Too salesy.
AM-2025,P00306,PGM2025-14,True,4,Strong speakers.
AM-2025,P00179,PGM2025-07,True,4,More examples needed.
AM-2025,P00179,PGM2025-10,True,4,Would value a deeper dive next time.
AM-2025,P00179,PGM2025-09,True,4,
AM-2025,P00179,PGM2025-08,True,3,Loved the practical templates.
AM-2025,P00336,PGM2025-08,True,5,Very practical.
AM-2025,P00336,PGM2025-02,True,4,Made me re-think our approach.
AM-2025,P00336,PGM2025-03,True,4,Would value a deeper dive next time.
AM-2025,P00336,PGM2025-10,True,5,Very practical.
AM-2025,P00336,PGM2025-14,True,5,Very practical.
AM-2025,P00336,PGM2025-05,True,5,Speaker was excellent.
AM-2025,P00336,PGM2025-20,True,3,Useful benchmarks for my team.
AM-2025,P00336,PGM2025-13,True,2,Loved the case study.
AM-2025,P00028,PGM2025-03,True,4,Speaker was excellent.
AM-2025,P00028,PGM2025-07,True,4,Loved the practical templates.
AM-2025,P00028,PGM2025-21,True,5,Great insights on policy.
AM-2025,P00028,PGM2025-06,True,4,More examples needed.
AM-2025,P00028,PGM2025-02,True,2,Good moderation.
AM-2025,P00028,PGM2025-22,True,2,Strong speakers.
AM-2025,P00028,PGM2025-10,True,4,Speaker was excellent.
AM-2025,P00028,PGM2025-17,True,4,Useful benchmarks for my team.
AM-2025,P00028,PGM2025-18,True,5,Loved the case study.
AM-2025,P00177,PGM2025-11,True,3,Loved the case study.
AM-2025,P00177,PGM2025-02,True,4,Very practical.
AM-2025,P00177,PGM2025-21,True,4,More examples needed.
AM-2025,P00177,PGM2025-04,True,5,Strong speakers.
AM-2025,P00177,PGM2025-18,True,4,Very practical.
AM-2025,P00177,PGM2025-05,True,5,Useful benchmarks for my team.
AM-2025,P00213,PGM2025-05,True,5,Excellent peer discussion.
AM-2025,P00213,PGM2025-02,True,5,Loved the case study.
AM-2025,P00213,PGM2025-19,True,5,Loved the practical templates.
AM-2025,P00213,PGM2025-15,True,4,Very practical.
AM-2025,P00213,PGM2025-09,True,4,Strong speakers.
AM-2025,P00340,PGM2025-16,True,4,Excellent peer discussion.
AM-2025,P00340,PGM2025-21,True,5,Useful benchmarks for my team.
AM-2025,P00340,PGM2025-12,True,3,Good moderation.
AM-2025,P00340,PGM2025-15,True,4,Too salesy.
AM-2024,P00303,PGM2024-05,True,4,Loved the case study.
AM-2024,P00303,PGM2024-21,True,5,Great insights on AI.
AM-2024,P00303,PGM2024-14,True,4,More examples needed.
AM-2024,P00303,PGM2024-17,True,2,Very practical.
AM-2024,P00303,PGM2024-15,True,5,Too salesy.
AM-2024,P00303,PGM2024-16,True,5,More examples needed.
AM-2024,P00303,PGM2024-02,True,4,
AM-2024,P00303,PGM2024-04,True,5,Very practical.
AM-2024,P00069,PGM2024-10,True,5,Useful benchmarks for my team.
AM-2024,P00069,PGM2024-07,True,3,More examples needed.
AM-2024,P00069,PGM2024-15,True,4,Great insights on AI.
AM-2024,P00069,PGM2024-08,True,3,Made me re-think our approach.
AM-2024,P00069,PGM2024-17,True,4,Good moderation.
AM-2024,P00069,PGM2024-05,True,4,Great insights on AI.
AM-2024,P00069,PGM2024-03,True,1,Made me re-think our approach.
AM-2024,P00069,PGM2024-09,True,3,Too salesy.
AM-2024,P00069,PGM2024-04,True,5,Excellent peer discussion.
AM-2024,P00069,PGM2024-12,True,4,Excellent peer discussion.
AM-2024,P00152,PGM2024-06,True,4,Good moderation.
AM-2024,P00152,PGM2024-13,True,5,Good moderation.
AM-2024,P00152,PGM2024-10,True,4,Loved the practical templates.
AM-2024,P00152,PGM2024-05,True,5,Very practical.
AM-2024,P00152,PGM2024-18,True,5,Great insights on policy.
AM-2024,P00152,PGM2024-19,True,4,Strong speakers.
AM-2024,P00152,PGM2024-17,True,4,Good moderation.
AM-2024,P00152,PGM2024-20,True,5,Strong speakers.
AM-2025,P00335,PGM2025-10,True,5,Too salesy.
AM-2025,P00335,PGM2025-21,True,2,Loved the case study.
AM-2025,P00335,PGM2025-13,True,3,
AM-2025,P00335,PGM2025-03,True,5,Strong speakers.
AM-2025,P00335,PGM2025-22,True,3,More examples needed.
AM-2025,P00335,PGM2025-02,True,3,More time for Q&A please.
AM-2025,P00335,PGM2025-01,True,4,Useful benchmarks for my team.
AM-2025,P00088,PGM2025-19,True,4,Very practical.
AM-2025,P00088,PGM2025-04,True,3,More examples needed.
AM-2025,P00088,PGM2025-18,True,4,Great insights on policy.
AM-2025,P00088,PGM2025-11,True,4,Too salesy.
AM-2025,P00088,PGM2025-17,True,4,Loved the case study.
AM-2025,P00088,PGM2025-07,True,5,Loved the practical templates.
AM-2025,P00088,PGM2025-05,True,4,More examples needed.
AM-2025,P00088,PGM2025-03,True,5,More examples needed.
AM-2025,P00189,PGM2025-22,True,2,Would value a deeper dive next time.
AM-2025,P00189,PGM2025-01,True,5,Great insights on policy.
AM-2025,P00189,PGM2025-03,True,5,Strong speakers.
AM-2025,P00189,PGM2025-14,True,2,Good moderation.
AM-2025,P00189,PGM2025-02,True,4,Loved the case study.
AM-2025,P00189,PGM2025-21,True,5,Too salesy.
AM-2025,P00189,PGM2025-04,True,4,Loved the case study.
AM-2025,P00189,PGM2025-20,True,4,Very practical.
AM-2025,P00189,PGM2025-13,True,3,Useful benchmarks for my team.
AM-2025,P00360,PGM2025-04,True,5,Too salesy.
AM-2025,P00360,PGM2025-07,True,4,Great insights on policy.
AM-2025,P00360,PGM2025-21,True,4,Good moderation.
AM-2025,P00360,PGM2025-13,True,5,Speaker was excellent.
AM-2025,P00360,PGM2025-02,True,5,Excellent peer discussion.
AM-2025,P00360,PGM2025-03,True,5,Made me re-think our approach.
AM-2025,P00360,PGM2025-16,True,2,Good moderation.
AM-2025,P00360,PGM2025-12,True,3,Loved the case study.
AM-2025,P00286,PGM2025-01,True,3,Strong speakers.
AM-2025,P00286,PGM2025-13,True,4,Excellent peer discussion.
AM-2025,P00286,PGM2025-04,True,3,Good moderation.
AM-2025,P00286,PGM2025-08,True,4,Great insights on AI.
AM-2025,P00286,PGM2025-18,True,5,Strong speakers.
AM-2025,P00286,PGM2025-17,True,5,More examples needed.
AM-2025,P00286,PGM2025-12,True,2,Strong speakers.
AM-2025,P00286,PGM2025-15,True,5,Loved the case study.
AM-2025,P00068,PGM2025-13,True,5,More examples needed.
AM-2025,P00068,PGM2025-02,True,4,Loved the case study.
AM-2025,P00068,PGM2025-19,True,3,Good moderation.
AM-2025,P00068,PGM2025-22,True,3,Strong speakers.
AM-2025,P00068,PGM2025-03,True,5,More examples needed.
AM-2025,P00068,PGM2025-14,True,3,Useful benchmarks for my team.
AM-2025,P00068,PGM2025-05,True,4,More examples needed.
AM-2025,P00068,PGM2025-21,True,3,Speaker was excellent.
AM-2025,P00320,PGM2025-07,True,5,
AM-2025,P00320,PGM2025-08,True,4,Excellent peer discussion.
AM-2025,P00320,PGM2025-20,True,4,Loved the practical templates.
AM-2025,P00320,PGM2025-21,True,3,Excellent peer discussion.
AM-2025,P00320,PGM2025-01,True,2,Too salesy.
AM-2025,P00320,PGM2025-22,True,3,Good moderation.
AM-2025,P00320,PGM2025-06,True,5,More time for Q&A please.
AM-2025,P00320,PGM2025-05,True,3,Good moderation.
AM-2025,P00320,PGM2025-16,True,4,Great insights on AI.
AM-2025,P00280,PGM2025-01,True,5,More examples needed.
AM-2025,P00280,PGM2025-02,True,4,Good moderation.
AM-2025,P00280,PGM2025-07,True,4,Loved the case study.
AM-2025,P00280,PGM2025-11,True,5,More examples needed.
AM-2025,P00280,PGM2025-19,True,3,
AM-2025,P00280,PGM2025-05,True,4,Good moderation.
AM-2025,P00280,PGM2025-22,True,3,Too salesy.
AM-2025,P00280,PGM2025-21,True,4,Very practical.
AM-2025,P00280,PGM2025-16,True,4,Strong speakers.
AM-2025,P00280,PGM2025-09,True,4,More time for Q&A please.
AM-2024,P00250,PGM2024-11,True,5,More time for Q&A please.
AM-2024,P00250,PGM2024-15,True,3,Great insights on AI.
AM-2024,P00250,PGM2024-14,True,4,Too salesy.
AM-2024,P00250,PGM2024-21,True,4,Loved the case study.
AM-2024,P00250,PGM2024-04,True,5,Great insights on AI.
AM-2024,P00250,PGM2024-08,True,4,Good moderation.
AM-2024,P00250,PGM2024-03,True,5,Great insights on AI.
AM-2024,P00250,PGM2024-10,True,3,Great insights on AI.
AM-2024,P00250,PGM2024-05,True,2,Very practical.
AM-2024,P00250,PGM2024-13,True,3,Loved the practical templates.
AM-2025,P00075,PGM2025-10,True,2,Loved the case study.
AM-2025,P00075,PGM2025-07,True,4,Speaker was excellent.
AM-2025,P00075,PGM2025-02,True,2,Loved the case study.
AM-2025,P00075,PGM2025-13,True,4,Too salesy.
AM-2025,P00075,PGM2025-11,True,3,More examples needed.
AM-2025,P00075,PGM2025-09,True,4,Loved the case study.
AM-2025,P00075,PGM2025-14,True,3,More time for Q&A please.
AM-2025,P00075,PGM2025-12,True,4,Loved the case study.
AM-2025,P00042,PGM2025-19,True,3,Very practical.
AM-2025,P00042,PGM2025-12,True,3,
AM-2025,P00042,PGM2025-07,True,5,Good moderation.
AM-2025,P00042,PGM2025-16,True,4,Great insights on AI.
AM-2025,P00042,PGM2025-11,True,4,Excellent peer discussion.
AM-2025,P00042,PGM2025-14,True,2,Useful benchmarks for my team.
AM-2025,P00042,PGM2025-18,True,3,
AM-2025,P00042,PGM2025-21,True,5,More examples needed.
AM-2025,P00042,PGM2025-01,True,5,Made me re-think our approach.
AM-2025,P00042,PGM2025-09,True,4,More examples needed.
AM-2025,P00048,PGM2025-02,True,5,Too salesy.
AM-2025,P00048,PGM2025-20,True,5,Great insights on policy.
AM-2025,P00048,PGM2025-09,True,4,Loved the case study.
AM-2025,P00048,PGM2025-08,True,4,Good moderation.
AM-2025,P00048,PGM2025-07,True,4,Excellent peer discussion.
AM-2025,P00048,PGM2025-19,True,1,Great insights on AI.
AM-2025,P00297,PGM2025-14,True,4,Loved the practical templates.
AM-2025,P00297,PGM2025-11,True,4,Very practical.
AM-2025,P00297,PGM2025-01,True,3,Too salesy.
AM-2025,P00297,PGM2025-12,True,4,Great insights on AI.
AM-2025,P00297,PGM2025-22,True,1,Too salesy.
AM-2025,P00297,PGM2025-17,True,4,Great insights on AI.
AM-2025,P00297,PGM2025-16,True,2,More time for Q&A please.
AM-2025,P00297,PGM2025-06,True,4,More examples needed.
AM-2025,P00297,PGM2025-04,True,4,Very practical.
AM-2025,P00297,PGM2025-15,True,1,Useful benchmarks for my team.
AM-2024,P00013,PGM2024-16,True,4,Too salesy.
AM-2024,P00013,PGM2024-04,True,5,Loved the case study.
AM-2024,P00013,PGM2024-15,True,4,Good moderation.
AM-2024,P00013,PGM2024-13,True,4,More time for Q&A please.
AM-2024,P00013,PGM2024-18,True,3,Good moderation.
AM-2024,P00013,PGM2024-22,True,4,Loved the practical templates.
AM-2024,P00013,PGM2024-03,True,4,More examples needed.
AM-2024,P00013,PGM2024-02,True,3,Very practical.
AM-2024,P00013,PGM2024-12,True,5,Strong speakers.
AM-2025,P00276,PGM2025-12,True,3,
AM-2025,P00276,PGM2025-06,True,3,Very practical.
AM-2025,P00276,PGM2025-05,True,1,Made me re-think our approach.
AM-2025,P00276,PGM2025-09,True,4,Strong speakers.
AM-2025,P00276,PGM2025-11,True,4,Too salesy.
AM-2025,P00276,PGM2025-18,True,4,Great insights on policy.
AM-2025,P00276,PGM2025-17,True,4,Very practical.
AM-2024,P00153,PGM2024-19,True,4,Very practical.
AM-2024,P00153,PGM2024-08,True,5,More examples needed.
AM-2024,P00153,PGM2024-02,True,5,Good moderation.
AM-2024,P00153,PGM2024-16,True,4,Good moderation.
AM-2024,P00153,PGM2024-14,True,4,Made me re-think our approach.
AM-2024,P00153,PGM2024-07,True,5,Excellent peer discussion.
AM-2024,P00153,PGM2024-06,True,2,Strong speakers.
AM-2024,P00153,PGM2024-20,True,2,
AM-2024,P00153,PGM2024-21,True,4,Great insights on policy.
AM-2024,P00055,PGM2024-16,True,5,Great insights on AI.
AM-2024,P00055,PGM2024-01,True,5,Good moderation.
AM-2024,P00055,PGM2024-05,True,4,Loved the case study.
AM-2024,P00055,PGM2024-15,True,4,Very practical.
AM-2024,P00055,PGM2024-07,True,5,Loved the case study.
AM-2024,P00055,PGM2024-09,True,5,Would value a deeper dive next time.
AM-2024,P00055,PGM2024-18,True,3,Too salesy.
AM-2024,P00055,PGM2024-20,True,5,Made me re-think our approach.
AM-2024,P00055,PGM2024-11,True,5,More time for Q&A please.
AM-2025,P00199,PGM2025-04,True,3,Strong speakers.
AM-2025,P00199,PGM2025-05,True,4,Very practical.
AM-2025,P00199,PGM2025-20,True,4,Good moderation.
AM-2025,P00199,PGM2025-06,True,3,Good moderation.
AM-2025,P00199,PGM2025-14,True,4,Great insights on AI.
AM-2025,P00199,PGM2025-01,True,4,Too salesy.
AM-2025,P00199,PGM2025-02,True,5,Too salesy.
AM-2025,P00308,PGM2025-09,True,2,Excellent peer discussion.
AM-2025,P00308,PGM2025-11,True,4,Loved the case study.
AM-2025,P00308,PGM2025-03,True,4,Good moderation.
AM-2025,P00308,PGM2025-18,True,3,Very practical.
AM-2025,P00155,PGM2025-02,True,5,Excellent peer discussion.
AM-2025,P00155,PGM2025-20,True,5,Great insights on policy.
AM-2025,P00155,PGM2025-12,True,5,Loved the case study.
AM-2025,P00155,PGM2025-08,True,4,Would value a deeper dive next time.
AM-2025,P00155,PGM2025-05,True,4,Strong speakers.
AM-2025,P00155,PGM2025-03,True,4,Great insights on AI.
AM-2025,P00155,PGM2025-10,True,3,Strong speakers.
AM-2025,P00155,PGM2025-19,True,4,Too salesy.
AM-2025,P00155,PGM2025-15,True,5,Too salesy.
AM-2025,P00374,PGM2025-22,True,5,Too salesy.
AM-2025,P00374,PGM2025-18,True,5,Useful benchmarks for my team.
AM-2025,P00374,PGM2025-14,True,3,More examples needed.
AM-2025,P00374,PGM2025-09,True,4,Strong speakers.
AM-2025,P00374,PGM2025-15,True,5,Very practical.
AM-2025,P00374,PGM2025-20,True,5,Very practical.
AM-2025,P00374,PGM2025-08,True,4,Made me re-think our approach.
AM-2025,P00374,PGM2025-06,True,3,Speaker was excellent.
AM-2024,P00008,PGM2024-09,True,4,More examples needed.
AM-2024,P00008,PGM2024-05,True,5,Strong speakers.
AM-2024,P00008,PGM2024-11,True,5,More examples needed.
AM-2024,P00008,PGM2024-15,True,5,Loved the case study.
AM-2024,P00008,PGM2024-03,True,4,Useful benchmarks for my team.
AM-2024,P00008,PGM2024-20,True,4,Loved the case study.
AM-2024,P00008,PGM2024-21,True,4,Loved the case study.
AM-2024,P00008,PGM2024-08,True,5,Strong speakers.
AM-2024,P00008,PGM2024-18,True,4,Excellent peer discussion.
AM-2025,P00359,PGM2025-21,True,4,Great insights on AI.
AM-2025,P00359,PGM2025-18,True,5,Excellent peer discussion.
AM-2025,P00359,PGM2025-03,True,4,Loved the practical templates.
AM-2025,P00359,PGM2025-13,True,5,Great insights on policy.
AM-2024,P00212,PGM2024-08,True,5,Would value a deeper dive next time.
AM-2024,P00212,PGM2024-18,True,2,Very practical.
AM-2024,P00212,PGM2024-09,True,4,Loved the case study.
AM-2024,P00212,PGM2024-17,True,5,Great insights on AI.
AM-2024,P00315,PGM2024-16,True,2,More examples needed.
AM-2024,P00315,PGM2024-02,True,4,Loved the case study.
AM-2024,P00315,PGM2024-20,True,4,Loved the case study.
AM-2024,P00315,PGM2024-03,True,4,Too salesy.
AM-2025,P00302,PGM2025-08,True,4,Strong speakers.
AM-2025,P00302,PGM2025-21,True,3,More examples needed.
AM-2025,P00302,PGM2025-05,True,4,More examples needed.
AM-2025,P00302,PGM2025-14,True,5,Speaker was excellent.
AM-2025,P00302,PGM2025-04,True,4,Loved the case study.
AM-2025,P00302,PGM2025-20,True,4,Very practical.
AM-2025,P00302,PGM2025-18,True,5,Useful benchmarks for my team.
AM-2025,P00302,PGM2025-06,True,4,Too salesy.
AM-2025,P00009,PGM2025-19,True,5,Made me re-think our approach.
AM-2025,P00009,PGM2025-02,True,5,Too salesy.
AM-2025,P00009,PGM2025-11,True,5,Great insights on policy.
AM-2025,P00009,PGM2025-22,True,4,Loved the case study.
AM-2025,P00009,PGM2025-20,True,3,Great insights on AI.
AM-2025,P00009,PGM2025-13,True,4,More examples needed.
AM-2025,P00009,PGM2025-10,True,4,Strong speakers.
AM-2025,P00009,PGM2025-18,True,5,Strong speakers.
AM-2025,P00290,PGM2025-13,True,5,Made me re-think our approach.
AM-2025,P00290,PGM2025-20,True,5,More examples needed.
AM-2025,P00290,PGM2025-16,True,2,
AM-2025,P00290,PGM2025-05,True,5,Strong speakers.
AM-2025,P00290,PGM2025-11,True,3,More examples needed.
AM-2025,P00290,PGM2025-08,True,5,Good moderation.
AM-2025,P00290,PGM2025-04,True,5,Loved the practical templates.
AM-2025,P00031,PGM2025-07,True,5,Very practical.
AM-2025,P00031,PGM2025-19,True,3,Too salesy.
AM-2025,P00031,PGM2025-15,True,5,Would value a deeper dive next time.
AM-2025,P00031,PGM2025-11,True,4,Loved the practical templates.
AM-2025,P00031,PGM2025-01,True,4,Very practical.
AM-2025,P00031,PGM2025-03,True,5,Great insights on AI.
AM-2025,P00363,PGM2025-09,True,3,Strong speakers.
AM-2025,P00363,PGM2025-19,True,3,Good moderation.
AM-2025,P00363,PGM2025-11,True,5,Excellent peer discussion.
AM-2025,P00363,PGM2025-17,True,3,More examples needed.
AM-2025,P00363,PGM2025-05,True,3,Great insights on AI.
AM-2024,P00065,PGM2024-10,True,4,Loved the practical templates.
AM-2024,P00065,PGM2024-13,True,5,Great insights on AI.
AM-2024,P00065,PGM2024-12,True,3,Good moderation.
AM-2024,P00065,PGM2024-01,True,4,Great insights on AI.
AM-2024,P00065,PGM2024-08,True,4,Great insights on AI.
AM-2024,P00065,PGM2024-16,True,3,Too salesy.
AM-2024,P00065,PGM2024-19,True,4,Speaker was excellent.
AM-2024,P00065,PGM2024-18,True,5,Very practical.
AM-2025,P00293,PGM2025-07,True,2,Good moderation.
AM-2025,P00293,PGM2025-21,True,5,Strong speakers.
AM-2025,P00293,PGM2025-11,True,2,Great insights on AI.
AM-2025,P00293,PGM2025-02,True,4,Strong speakers.
AM-2025,P00293,PGM2025-10,True,5,Excellent peer discussion.
AM-2025,P00293,PGM2025-09,True,5,Good moderation.
AM-2025,P00293,PGM2025-13,True,5,Useful benchmarks for my team.
AM-2024,P00372,PGM2024-19,True,4,More examples needed.
AM-2024,P00372,PGM2024-06,True,5,Made me re-think our approach.
AM-2024,P00372,PGM2024-13,True,4,Loved the case study.
AM-2024,P00372,PGM2024-05,True,5,Great insights on AI.
AM-2024,P00372,PGM2024-12,True,4,Strong speakers.
AM-2024,P00372,PGM2024-08,True,5,Good moderation.
AM-2025,P00247,PGM2025-17,True,5,Useful benchmarks for my team.
AM-2025,P00247,PGM2025-03,True,5,More examples needed.
AM-2025,P00247,PGM2025-01,True,5,Very practical.
AM-2025,P00247,PGM2025-20,True,3,Too salesy.
AM-2025,P00247,PGM2025-04,True,4,Great insights on AI.
AM-2025,P00247,PGM2025-14,True,5,
AM-2025,P00247,PGM2025-10,True,3,More examples needed.
AM-2025,P00247,PGM2025-08,True,4,Excellent peer discussion.
AM-2025,P00247,PGM2025-21,True,5,Great insights on AI.
AM-2024,P00183,PGM2024-05,True,5,Excellent peer discussion.
AM-2024,P00183,PGM2024-01,True,3,Good moderation.
AM-2024,P00183,PGM2024-10,True,4,Strong speakers.
AM-2024,P00183,PGM2024-22,True,5,Would value a deeper dive next time.
AM-2024,P00183,PGM2024-06,True,4,Excellent peer discussion.
AM-2024,P00183,PGM2024-19,True,3,Strong speakers.
AM-2024,P00183,PGM2024-02,True,5,Too salesy.
AM-2024,P00183,PGM2024-13,True,5,Too salesy.
AM-2024,P00057,PGM2024-10,True,5,Good moderation.
AM-2024,P00057,PGM2024-03,True,4,Too salesy.
AM-2024,P00057,PGM2024-20,True,3,Very practical.
AM-2024,P00057,PGM2024-12,True,5,More examples needed.
AM-2025,P00215,PGM2025-08,True,3,Strong speakers.
AM-2025,P00215,PGM2025-07,True,4,Made me re-think our approach.
AM-2025,P00215,PGM2025-14,True,4,Great insights on AI.
AM-2025,P00215,PGM2025-19,True,2,Very practical.
AM-2025,P00215,PGM2025-15,True,5,Speaker was excellent.
AM-2025,P00215,PGM2025-16,True,3,More examples needed.
AM-2025,P00035,PGM2025-14,True,4,
AM-2025,P00035,PGM2025-12,True,2,Would value a deeper dive next time.
AM-2025,P00035,PGM2025-21,True,4,Too salesy.
AM-2025,P00035,PGM2025-05,True,2,Loved the case study.
AM-2025,P00035,PGM2025-18,True,4,Strong speakers.
AM-2025,P00035,PGM2025-13,True,3,Too salesy.
AM-2025,P00002,PGM2025-01,True,5,Made me re-think our approach.
AM-2025,P00002,PGM2025-05,True,4,Too salesy.
AM-2025,P00002,PGM2025-02,True,2,Great insights on AI.
AM-2025,P00002,PGM2025-10,True,4,Speaker was excellent.
AM-2025,P00002,PGM2025-15,True,5,Loved the practical templates.
AM-2025,P00002,PGM2025-19,True,5,Good moderation.
AM-2025,P00002,PGM2025-22,True,5,Great insights on AI.
AM-2025,P00002,PGM2025-12,True,5,Loved the case study.
AM-2025,P00002,PGM2025-06,True,3,Useful benchmarks for my team.
AM-2025,P00002,PGM2025-13,True,5,More examples needed.
AM-2025,P00373,PGM2025-11,True,5,More examples needed.
AM-2025,P00373,PGM2025-16,True,1,More examples needed.
AM-2025,P00373,PGM2025-19,True,5,
AM-2025,P00373,PGM2025-21,True,4,More time for Q&A please.
AM-2025,P00373,PGM2025-20,True,4,More examples needed.
AM-2025,P00373,PGM2025-22,True,2,Too salesy.
AM-2025,P00373,PGM2025-07,True,4,More examples needed.
AM-2025,P00014,PGM2025-19,True,4,More examples needed.
AM-2025,P00014,PGM2025-02,True,3,Made me re-think our approach.
AM-2025,P00014,PGM2025-18,True,3,Great insights on AI.
AM-2025,P00014,PGM2025-10,True,4,More examples needed.
AM-2025,P00014,PGM2025-17,True,5,Good moderation.
AM-2025,P00014,PGM2025-03,True,4,Useful benchmarks for my team.
AM-2025,P00014,PGM2025-07,True,4,Very practical.
AM-2025,P00014,PGM2025-06,True,3,Loved the case study.
AM-2025,P00011,PGM2025-07,True,4,Too salesy.
AM-2025,P00011,PGM2025-20,True,5,Great insights on AI.
AM-2025,P00011,PGM2025-16,True,4,Great insights on AI.
AM-2025,P00011,PGM2025-15,True,4,More examples needed.
AM-2025,P00011,PGM2025-17,True,3,Great insights on AI.
AM-2025,P00175,PGM2025-08,True,4,Very practical.
AM-2025,P00175,PGM2025-06,True,4,Too salesy.
AM-2025,P00175,PGM2025-22,True,4,Great insights on AI.
AM-2025,P00175,PGM2025-02,True,3,Good moderation.
AM-2025,P00175,PGM2025-13,True,5,Great insights on policy.
AM-2025,P00175,PGM2025-11,True,2,Strong speakers.
AM-2025,P00175,PGM2025-10,True,5,Very practical.
AM-2025,P00175,PGM2025-16,True,3,Useful benchmarks for my team.
AM-2025,P00175,PGM2025-17,True,4,Strong speakers.
AM-2025,P00384,PGM2025-17,True,4,More examples needed.
AM-2025,P00384,PGM2025-03,True,5,Great insights on AI.
AM-2025,P00384,PGM2025-21,True,3,More examples needed.
AM-2025,P00384,PGM2025-08,True,5,More examples needed.
AM-2025,P00109,PGM2025-08,True,4,More examples needed.
AM-2025,P00109,PGM2025-12,True,5,Very practical.
AM-2025,P00109,PGM2025-14,True,4,Useful benchmarks for my team.
AM-2025,P00109,PGM2025-10,True,5,Excellent peer discussion.
AM-2025,P00109,PGM2025-21,True,4,Speaker was excellent.
AM-2025,P00109,PGM2025-11,True,4,Loved the case study.
AM-2025,P00109,PGM2025-05,True,5,Loved the case study.
AM-2024,P00040,PGM2024-18,True,4,Loved the case study.
AM-2024,P00040,PGM2024-10,True,3,Loved the case study.
AM-2024,P00040,PGM2024-05,True,5,Great insights on AI.
AM-2024,P00040,PGM2024-13,True,5,Excellent peer discussion.
AM-2024,P00040,PGM2024-16,True,4,Made me re-think our approach.
AM-2024,P00040,PGM2024-08,True,5,Too salesy.
AM-2024,P00040,PGM2024-09,True,3,Good moderation.
AM-2024,P00040,PGM2024-02,True,5,Strong speakers.
AM-2024,P00040,PGM2024-14,True,4,Excellent peer discussion.
AM-2025,P00110,PGM2025-18,True,3,Good moderation.
AM-2025,P00110,PGM2025-02,True,5,Too salesy.
AM-2025,P00110,PGM2025-11,True,4,Very practical.
AM-2025,P00110,PGM2025-09,True,5,More examples needed.
AM-2025,P00405,PGM2025-02,True,3,Loved the case study.
AM-2025,P00405,PGM2025-19,True,4,More examples needed.
AM-2025,P00405,PGM2025-03,True,3,More time for Q&A please.
AM-2025,P00405,PGM2025-18,True,5,Loved the case study.
AM-2025,P00405,PGM2025-14,True,5,More examples needed.
AM-2025,P00270,PGM2025-19,True,4,Good moderation.
AM-2025,P00270,PGM2025-14,True,4,More time for Q&A please.
AM-2025,P00270,PGM2025-12,True,5,More examples needed.
AM-2025,P00270,PGM2025-08,True,4,Good moderation.
AM-2025,P00270,PGM2025-21,True,5,Made me re-think our approach.
AM-2025,P00270,PGM2025-06,True,5,Great insights on AI.
AM-2025,P00270,PGM2025-01,True,4,Very practical.
AM-2025,P00270,PGM2025-18,True,3,Strong speakers.
AM-2025,P00267,PGM2025-09,True,5,Loved the case study.
AM-2025,P00267,PGM2025-04,True,1,Made me re-think our approach.
AM-2025,P00267,PGM2025-02,True,4,Great insights on AI.
AM-2025,P00267,PGM2025-10,True,3,Strong speakers.
AM-2025,P00267,PGM2025-11,True,5,
AM-2025,P00327,PGM2025-03,True,4,Strong speakers.
AM-2025,P00327,PGM2025-21,True,4,Excellent peer discussion.
AM-2025,P00327,PGM2025-11,True,3,More examples needed.
AM-2025,P00327,PGM2025-12,True,3,Good moderation.
AM-2025,P00327,PGM2025-18,True,4,Great insights on AI.
AM-2025,P00327,PGM2025-05,True,2,More time for Q&A please.
AM-2025,P00281,PGM2025-02,True,4,Would value a deeper dive next time.
AM-2025,P00281,PGM2025-11,True,4,Would value a deeper dive next time.
AM-2025,P00281,PGM2025-22,True,5,
AM-2025,P00281,PGM2025-03,True,2,More examples needed.
AM-2025,P00281,PGM2025-09,True,3,More examples needed.
AM-2025,P00197,PGM2025-02,True,5,Strong speakers.
AM-2025,P00197,PGM2025-03,True,5,More examples needed.
AM-2025,P00197,PGM2025-12,True,5,Good moderation.
AM-2025,P00197,PGM2025-22,True,2,Loved the case study.
AM-2025,P00197,PGM2025-15,True,5,Too salesy.
AM-2025,P00197,PGM2025-11,True,4,Too salesy.
AM-2025,P00197,PGM2025-16,True,2,Too salesy.
AM-2025,P00197,PGM2025-07,True,4,More examples needed.
AM-2025,P00197,PGM2025-14,True,4,More examples needed.
AM-2025,P00054,PGM2025-03,True,5,Very practical.
AM-2025,P00054,PGM2025-12,True,2,Strong speakers.
AM-2025,P00054,PGM2025-07,True,4,Would value a deeper dive next time.
AM-2025,P00054,PGM2025-21,True,4,Good moderation.
AM-2025,P00054,PGM2025-16,True,4,Good moderation.
AM-2025,P00190,PGM2025-08,True,5,Strong speakers.
AM-2025,P00190,PGM2025-04,True,2,Too salesy.
AM-2025,P00190,PGM2025-20,True,5,Strong speakers.
AM-2025,P00190,PGM2025-16,True,5,More examples needed.
AM-2025,P00190,PGM2025-07,True,4,Great insights on AI.
AM-2025,P00190,PGM2025-22,True,4,Very practical.
AM-2025,P00190,PGM2025-17,True,5,Great insights on AI.
AM-2025,P00190,PGM2025-19,True,2,Great insights on AI.
AM-2025,P00190,PGM2025-21,True,3,
AM-2025,P00190,PGM2025-09,True,5,More examples needed.
AM-2024,P00136,PGM2024-07,True,3,Great insights on AI.
AM-2024,P00136,PGM2024-10,True,4,Strong speakers.
AM-2024,P00136,PGM2024-17,True,5,Great insights on AI.
AM-2024,P00136,PGM2024-16,True,5,Strong speakers.
AM-2024,P00136,PGM2024-02,True,5,Strong speakers.
AM-2024,P00136,PGM2024-22,True,3,Good moderation.
AM-2024,P00136,PGM2024-13,True,5,Great insights on policy.
AM-2024,P00136,PGM2024-19,True,4,Very practical.
AM-2025,P00038,PGM2025-12,True,5,Great insights on AI.
AM-2025,P00038,PGM2025-03,True,5,More examples needed.
AM-2025,P00038,PGM2025-18,True,5,More time for Q&A please.
AM-2025,P00038,PGM2025-21,True,4,Good moderation.
AM-2025,P00038,PGM2025-04,True,4,Too salesy.
AM-2025,P00038,PGM2025-20,True,2,Very practical.
AM-2025,P00038,PGM2025-16,True,5,Loved the case study.
AM-2025,P00087,PGM2025-19,True,4,Excellent peer discussion.
AM-2025,P00087,PGM2025-03,True,1,Very practical.
AM-2025,P00087,PGM2025-15,True,4,Very practical.
AM-2025,P00087,PGM2025-04,True,4,Great insights on AI.
AM-2025,P00087,PGM2025-09,True,3,
AM-2025,P00087,PGM2025-20,True,5,
AM-2025,P00087,PGM2025-02,True,4,Speaker was excellent.
AM-2025,P00087,PGM2025-18,True,2,Loved the case study.
AM-2025,P00087,PGM2025-11,True,5,Good moderation.
AM-2025,P00087,PGM2025-10,True,4,Excellent peer discussion.
AM-2025,P00323,PGM2025-07,True,1,More examples needed.
AM-2025,P00323,PGM2025-20,True,5,Very practical.
AM-2025,P00323,PGM2025-19,True,4,Great insights on policy.
AM-2025,P00323,PGM2025-02,True,4,Speaker was excellent.
AM-2025,P00323,PGM2025-03,True,4,Made me re-think our approach.
AM-2025,P00323,PGM2025-11,True,2,More time for Q&A please.
AM-2025,P00323,PGM2025-06,True,2,Loved the case study.
AM-2025,P00323,PGM2025-17,True,5,Too salesy.
AM-2025,P00323,PGM2025-15,True,3,Great insights on AI.
AM-2025,P00159,PGM2025-15,True,4,Loved the practical templates.
AM-2025,P00159,PGM2025-17,True,3,Excellent peer discussion.
AM-2025,P00159,PGM2025-01,True,3,Loved the practical templates.
AM-2025,P00159,PGM2025-21,True,4,Made me re-think our approach.
AM-2025,P00159,PGM2025-09,True,5,More examples needed.
AM-2025,P00159,PGM2025-12,True,4,Excellent peer discussion.
AM-2025,P00173,PGM2025-06,True,4,Great insights on AI.
AM-2025,P00173,PGM2025-04,True,3,Great insights on policy.
AM-2025,P00173,PGM2025-17,True,3,Good moderation.
AM-2025,P00173,PGM2025-11,True,4,Loved the case study.
AM-2025,P00173,PGM2025-03,True,4,Speaker was excellent.
AM-2025,P00173,PGM2025-18,True,5,Too salesy.
AM-2025,P00173,PGM2025-05,True,4,More examples needed.
AM-2025,P00186,PGM2025-17,True,4,
AM-2025,P00186,PGM2025-16,True,4,Strong speakers.
AM-2025,P00186,PGM2025-05,True,5,Speaker was excellent.
AM-2025,P00186,PGM2025-13,True,4,Loved the practical templates.
AM-2025,P00069,PGM2025-07,True,4,Too salesy.
AM-2025,P00069,PGM2025-17,True,4,Very practical.
AM-2025,P00069,PGM2025-05,True,4,Excellent peer discussion.
AM-2025,P00069,PGM2025-06,True,5,More examples needed.
AM-2025,P00069,PGM2025-10,True,4,Loved the case study.
AM-2025,P00069,PGM2025-22,True,4,Useful benchmarks for my team.
AM-2024,P00094,PGM2024-12,True,5,Strong speakers.
AM-2024,P00094,PGM2024-10,True,3,More time for Q&A please.
AM-2024,P00094,PGM2024-21,True,3,
AM-2024,P00094,PGM2024-05,True,5,Good moderation.
AM-2024,P00094,PGM2024-14,True,4,Loved the practical templates.
AM-2024,P00094,PGM2024-17,True,4,Strong speakers.
AM-2024,P00094,PGM2024-09,True,4,Too salesy.
AM-2024,P00094,PGM2024-20,True,4,More examples needed.
AM-2024,P00094,PGM2024-01,True,3,More time for Q&A please.
AM-2025,P00066,PGM2025-18,True,4,Great insights on AI.
AM-2025,P00066,PGM2025-10,True,5,Made me re-think our approach.
AM-2025,P00066,PGM2025-04,True,3,More examples needed.
AM-2025,P00066,PGM2025-13,True,5,
AM-2025,P00066,PGM2025-22,True,2,Very practical.
AM-2025,P00066,PGM2025-20,True,5,More time for Q&A please.
AM-2025,P00318,PGM2025-03,True,2,Very practical.
AM-2025,P00318,PGM2025-10,True,5,More examples needed.
AM-2025,P00318,PGM2025-18,True,5,Excellent peer discussion.
AM-2025,P00318,PGM2025-04,True,4,Made me re-think our approach.
AM-2025,P00318,PGM2025-11,True,4,More examples needed.
AM-2025,P00318,PGM2025-13,True,3,Good moderation.
AM-2025,P00318,PGM2025-14,True,3,Loved the case study.
AM-2025,P00172,PGM2025-12,True,4,Great insights on policy.
AM-2025,P00172,PGM2025-20,True,5,Strong speakers.
AM-2025,P00172,PGM2025-11,True,5,Loved the practical templates.
AM-2025,P00172,PGM2025-02,True,5,Loved the case study.
AM-2025,P00172,PGM2025-01,True,5,Would value a deeper dive next time.
AM-2025,P00172,PGM2025-10,True,2,Too salesy.
AM-2025,P00172,PGM2025-19,True,2,Useful benchmarks for my team.
AM-2025,P00172,PGM2025-21,True,1,Would value a deeper dive next time.
AM-2025,P00172,PGM2025-15,True,4,Strong speakers.
AM-2025,P00172,PGM2025-13,True,4,Good moderation.
AM-2025,P00049,PGM2025-14,True,5,Strong speakers.
AM-2025,P00049,PGM2025-16,True,5,Great insights on AI.
AM-2025,P00049,PGM2025-20,True,4,Good moderation.
AM-2025,P00049,PGM2025-17,True,5,Strong speakers.
AM-2025,P00049,PGM2025-15,True,5,Very practical.
AM-2025,P00049,PGM2025-02,True,5,Loved the case study.
AM-2025,P00224,PGM2025-02,True,5,More examples needed.
AM-2025,P00224,PGM2025-08,True,2,Loved the practical templates.
AM-2025,P00224,PGM2025-22,True,5,More examples needed.
AM-2025,P00224,PGM2025-14,True,4,
AM-2025,P00224,PGM2025-04,True,5,Great insights on AI.
AM-2025,P00224,PGM2025-05,True,4,Loved the case study.
AM-2025,P00224,PGM2025-12,True,5,Loved the case study.
AM-2025,P00224,PGM2025-03,True,4,Loved the practical templates.
AM-2025,P00252,PGM2025-20,True,3,Great insights on AI.
AM-2025,P00252,PGM2025-03,True,5,Loved the practical templates.
AM-2025,P00252,PGM2025-19,True,3,Excellent peer discussion.
AM-2025,P00252,PGM2025-02,True,2,Speaker was excellent.
AM-2025,P00252,PGM2025-04,True,3,Strong speakers.
AM-2025,P00252,PGM2025-12,True,3,Great insights on AI.
AM-2025,P00252,PGM2025-07,True,4,Loved the case study.
AM-2025,P00252,PGM2025-13,True,4,More examples needed.
AM-2025,P00252,PGM2025-15,True,2,Useful benchmarks for my team.
AM-2025,P00241,PGM2025-12,True,4,Loved the case study.
AM-2025,P00241,PGM2025-14,True,5,Great insights on AI.
AM-2025,P00241,PGM2025-05,True,2,Loved the case study.
AM-2025,P00241,PGM2025-22,True,4,Great insights on policy.
AM-2025,P00241,PGM2025-03,True,5,Too salesy.
AM-2025,P00241,PGM2025-06,True,3,Great insights on policy.
AM-2025,P00241,PGM2025-15,True,1,Very practical.
AM-2025,P00241,PGM2025-18,True,4,More examples needed.
AM-2025,P00193,PGM2025-04,True,4,More time for Q&A please.
AM-2025,P00193,PGM2025-05,True,4,Good moderation.
AM-2025,P00193,PGM2025-17,True,1,Great insights on AI.
AM-2025,P00193,PGM2025-07,True,4,More examples needed.
AM-2025,P00193,PGM2025-19,True,4,Good moderation.
AM-2025,P00193,PGM2025-20,True,5,Very practical.
AM-2025,P00193,PGM2025-13,True,5,Too salesy.
AM-2025,P00193,PGM2025-10,True,4,More examples needed.
AM-2025,P00193,PGM2025-16,True,5,Great insights on policy.
AM-2025,P00129,PGM2025-16,True,4,Strong speakers.
AM-2025,P00129,PGM2025-17,True,5,More examples needed.
AM-2025,P00129,PGM2025-21,True,5,Great insights on AI.
AM-2025,P00129,PGM2025-14,True,2,Great insights on AI.
AM-2025,P00129,PGM2025-01,True,4,Useful benchmarks for my team.
AM-2025,P00129,PGM2025-04,True,5,More examples needed.
AM-2025,P00129,PGM2025-15,True,5,More time for Q&A please.
AM-2025,P00129,PGM2025-12,True,4,More examples needed.
AM-2024,P00290,PGM2024-11,True,5,Loved the case study.
AM-2024,P00290,PGM2024-07,True,1,Loved the case study.
AM-2024,P00290,PGM2024-22,True,5,Very practical.
AM-2024,P00290,PGM2024-05,True,4,Too salesy.
AM-2024,P00290,PGM2024-03,True,5,Good moderation.
AM-2024,P00290,PGM2024-09,True,5,More time for Q&A please.
AM-2024,P00290,PGM2024-20,True,2,Good moderation.
AM-2024,P00290,PGM2024-06,True,4,
AM-2024,P00290,PGM2024-17,True,4,Great insights on AI.
AM-2024,P00290,PGM2024-13,True,3,Speaker was excellent.
AM-2024,P00170,PGM2024-02,True,2,Would value a deeper dive next time.
AM-2024,P00170,PGM2024-20,True,5,Made me re-think our approach.
AM-2024,P00170,PGM2024-22,True,3,Too salesy.
AM-2024,P00170,PGM2024-09,True,4,
AM-2024,P00170,PGM2024-14,True,2,Too salesy.
AM-2024,P00170,PGM2024-06,True,4,More examples needed.
AM-2024,P00170,PGM2024-10,True,3,Too salesy.
AM-2025,P00146,PGM2025-11,True,5,Speaker was excellent.
AM-2025,P00146,PGM2025-04,True,4,Too salesy.
AM-2025,P00146,PGM2025-06,True,3,Good moderation.
AM-2025,P00146,PGM2025-15,True,5,Great insights on AI.
AM-2025,P00146,PGM2025-09,True,5,Speaker was excellent.
AM-2025,P00146,PGM2025-20,True,3,Loved the case study.
AM-2025,P00146,PGM2025-05,True,4,Speaker was excellent.
AM-2025,P00146,PGM2025-17,True,4,Good moderation.
AM-2025,P00146,PGM2025-10,True,4,More examples needed.
AM-2025,P00146,PGM2025-12,True,5,Too salesy.
AM-2024,P00387,PGM2024-19,True,4,Loved the practical templates.
AM-2024,P00387,PGM2024-15,True,1,Strong speakers.
AM-2024,P00387,PGM2024-14,True,5,Too salesy.
AM-2024,P00387,PGM2024-05,True,5,Good moderation.
AM-2024,P00387,PGM2024-06,True,4,
AM-2024,P00387,PGM2024-02,True,5,Too salesy.
AM-2024,P00387,PGM2024-08,True,3,Strong speakers.
AM-2024,P00060,PGM2024-11,True,4,More examples needed.
AM-2024,P00060,PGM2024-19,True,4,Loved the case study.
AM-2024,P00060,PGM2024-09,True,4,Would value a deeper dive next time.
AM-2024,P00060,PGM2024-14,True,4,Excellent peer discussion.
AM-2024,P00060,PGM2024-05,True,3,Speaker was excellent.
AM-2024,P00060,PGM2024-06,True,5,Strong speakers.
AM-2024,P00060,PGM2024-07,True,3,Would value a deeper dive next time.
AM-2024,P00064,PGM2024-19,True,5,Loved the case study.
AM-2024,P00064,PGM2024-20,True,5,Excellent peer discussion.
AM-2024,P00064,PGM2024-16,True,5,Great insights on AI.
AM-2024,P00064,PGM2024-13,True,4,Too salesy.
AM-2025,P00330,PGM2025-06,True,3,Useful benchmarks for my team.
AM-2025,P00330,PGM2025-18,True,4,Good moderation.
AM-2025,P00330,PGM2025-12,True,2,Excellent peer discussion.
AM-2025,P00330,PGM2025-05,True,3,More examples needed.
AM-2025,P00188,PGM2025-22,True,4,Too salesy.
AM-2025,P00188,PGM2025-16,True,5,Great insights on AI.
AM-2025,P00188,PGM2025-03,True,4,More examples needed.
AM-2025,P00188,PGM2025-19,True,5,Strong speakers.
AM-2025,P00188,PGM2025-07,True,4,Too salesy.
AM-2025,P00188,PGM2025-13,True,4,Loved the case study.
AM-2025,P00097,PGM2025-10,True,5,More examples needed.
AM-2025,P00097,PGM2025-04,True,4,Great insights on AI.
AM-2025,P00097,PGM2025-09,True,5,Great insights on AI.
AM-2025,P00097,PGM2025-21,True,5,Useful benchmarks for my team.
AM-2025,P00097,PGM2025-01,True,4,Good moderation.
AM-2025,P00097,PGM2025-14,True,5,Great insights on policy.
AM-2025,P00097,PGM2025-13,True,4,Excellent peer discussion.
AM-2025,P00097,PGM2025-22,True,5,Too salesy.
AM-2025,P00143,PGM2025-07,True,2,Useful benchmarks for my team.
AM-2025,P00143,PGM2025-05,True,5,Very practical.
AM-2025,P00143,PGM2025-03,True,4,More examples needed.
AM-2025,P00143,PGM2025-13,True,5,Very practical.
AM-2025,P00143,PGM2025-20,True,4,Good moderation.
AM-2025,P00143,PGM2025-08,True,5,Made me re-think our approach.
AM-2025,P00394,PGM2025-01,True,2,Great insights on AI.
AM-2025,P00394,PGM2025-19,True,3,More examples needed.
AM-2025,P00394,PGM2025-10,True,4,Speaker was excellent.
AM-2025,P00394,PGM2025-07,True,5,More examples needed.
AM-2025,P00394,PGM2025-09,True,3,Good moderation.
AM-2025,P00397,PGM2025-06,True,5,Loved the case study.
AM-2025,P00397,PGM2025-10,True,4,Loved the practical templates.
AM-2025,P00397,PGM2025-12,True,4,Excellent peer discussion.
AM-2025,P00397,PGM2025-15,True,4,More time for Q&A please.
AM-2025,P00397,PGM2025-17,True,4,Too salesy.
AM-2025,P00397,PGM2025-08,True,3,Good moderation.
AM-2025,P00397,PGM2025-14,True,4,Useful benchmarks for my team.
AM-2025,P00397,PGM2025-05,True,4,Very practical.
AM-2025,P00397,PGM2025-20,True,3,More examples needed.
AM-2025,P00357,PGM2025-18,True,3,Strong speakers.
AM-2025,P00357,PGM2025-02,True,5,Very practical.
AM-2025,P00357,PGM2025-12,True,2,
AM-2025,P00357,PGM2025-04,True,4,Loved the case study.
AM-2025,P00357,PGM2025-06,True,2,Loved the case study.
AM-2025,P00357,PGM2025-05,True,3,Very practical.
AM-2025,P00357,PGM2025-03,True,3,More examples needed.
AM-2024,P00352,PGM2024-21,True,4,Too salesy.
AM-2024,P00352,PGM2024-07,True,4,More examples needed.
AM-2024,P00352,PGM2024-11,True,3,Great insights on AI.
AM-2024,P00352,PGM2024-02,True,4,Too salesy.
AM-2024,P00352,PGM2024-20,True,3,Good moderation.
AM-2024,P00352,PGM2024-22,True,3,Good moderation.
AM-2024,P00352,PGM2024-03,True,5,Very practical.
AM-2024,P00352,PGM2024-15,True,5,Strong speakers.
AM-2024,P00352,PGM2024-10,True,1,Useful benchmarks for my team.
AM-2024,P00352,PGM2024-18,True,5,More examples needed.
AM-2025,P00309,PGM2025-22,True,4,Too salesy.
AM-2025,P00309,PGM2025-21,True,4,Great insights on AI.
AM-2025,P00309,PGM2025-15,True,2,Excellent peer discussion.
AM-2025,P00309,PGM2025-17,True,4,Strong speakers.
AM-2025,P00309,PGM2025-20,True,5,Great insights on AI.
AM-2025,P00309,PGM2025-04,True,1,Useful benchmarks for my team.
AM-2025,P00099,PGM2025-09,True,4,Too salesy.
AM-2025,P00099,PGM2025-17,True,4,Would value a deeper dive next time.
AM-2025,P00099,PGM2025-13,True,4,Strong speakers.
AM-2025,P00099,PGM2025-16,True,2,Great insights on AI.
AM-2025,P00099,PGM2025-14,True,3,Great insights on AI.
AM-2025,P00099,PGM2025-18,True,4,Great insights on AI.
AM-2025,P00099,PGM2025-03,True,4,Great insights on AI.
AM-2025,P00396,PGM2025-01,True,5,Loved the case study.
AM-2025,P00396,PGM2025-08,True,5,Great insights on AI.
AM-2025,P00396,PGM2025-22,True,4,
AM-2025,P00396,PGM2025-13,True,5,Excellent peer discussion.
AM-2025,P00396,PGM2025-15,True,2,Loved the practical templates.
AM-2025,P00396,PGM2025-10,True,2,Would value a deeper dive next time.
AM-2025,P00396,PGM2025-20,True,4,
AM-2025,P00396,PGM2025-05,True,4,Good moderation.
AM-2025,P00396,PGM2025-07,True,4,Strong speakers.
AM-2025,P00396,PGM2025-17,True,3,Loved the case study.
AM-2025,P00195,PGM2025-15,True,1,More examples needed.
AM-2025,P00195,PGM2025-10,True,5,More time for Q&A please.
AM-2025,P00195,PGM2025-22,True,5,Very practical.
AM-2025,P00195,PGM2025-06,True,1,Useful benchmarks for my team.
AM-2025,P00195,PGM2025-20,True,5,Strong speakers.
AM-2025,P00195,PGM2025-03,True,4,Useful benchmarks for my team.
AM-2025,P00195,PGM2025-01,True,5,Too salesy.
AM-2024,P00419,PGM2024-16,True,4,More examples needed.
AM-2024,P00419,PGM2024-12,True,4,Great insights on policy.
AM-2024,P00419,PGM2024-04,True,4,Great insights on AI.
AM-2024,P00419,PGM2024-20,True,3,Strong speakers.
AM-2024,P00419,PGM2024-03,True,4,
AM-2024,P00419,PGM2024-09,True,4,Very practical.
AM-2024,P00419,PGM2024-21,True,5,Too salesy.
AM-2024,P00419,PGM2024-02,True,4,Very practical.
AM-2024,P00419,PGM2024-08,True,4,Strong speakers.
AM-2024,P00273,PGM2024-13,True,5,More examples needed.
AM-2024,P00273,PGM2024-21,True,4,Too salesy.
AM-2024,P00273,PGM2024-04,True,4,Strong speakers.
AM-2024,P00273,PGM2024-02,True,5,Useful benchmarks for my team.
AM-2024,P00273,PGM2024-05,True,4,Loved the case study.
AM-2024,P00273,PGM2024-20,True,4,Too salesy.
AM-2024,P00273,PGM2024-07,True,4,Too salesy.
AM-2025,P00266,PGM2025-18,True,4,Great insights on AI.
AM-2025,P00266,PGM2025-14,True,2,Loved the case study.
AM-2025,P00266,PGM2025-13,True,5,Too salesy.
AM-2025,P00266,PGM2025-12,True,5,Loved the case study.
AM-2025,P00266,PGM2025-19,True,2,Too salesy.
AM-2025,P00266,PGM2025-08,True,5,Great insights on policy.
AM-2025,P00266,PGM2025-15,True,5,More examples needed.
AM-2025,P00266,PGM2025-06,True,2,Loved the case study.
AM-2025,P00266,PGM2025-03,True,3,Great insights on AI.
AM-2024,P00121,PGM2024-12,True,5,Very practical.
AM-2024,P00121,PGM2024-17,True,5,Loved the case study.
AM-2024,P00121,PGM2024-06,True,4,Great insights on policy.
AM-2024,P00121,PGM2024-19,True,3,Very practical.
AM-2024,P00121,PGM2024-13,True,5,Very practical.
AM-2024,P00121,PGM2024-11,True,4,Good moderation.
AM-2024,P00086,PGM2024-20,True,4,Very practical.
AM-2024,P00086,PGM2024-05,True,3,Loved the case study.
AM-2024,P00086,PGM2024-21,True,4,Too salesy.
AM-2024,P00086,PGM2024-03,True,5,Too salesy.
AM-2024,P00086,PGM2024-02,True,5,Loved the case study.
AM-2024,P00086,PGM2024-10,True,5,Excellent peer discussion.
AM-2024,P00086,PGM2024-14,True,5,Useful benchmarks for my team.
AM-2025,P00218,PGM2025-11,True,4,Too salesy.
AM-2025,P00218,PGM2025-01,True,4,Very practical.
AM-2025,P00218,PGM2025-14,True,4,Too salesy.
AM-2025,P00218,PGM2025-20,True,4,Good moderation.
AM-2025,P00218,PGM2025-17,True,5,Great insights on AI.
AM-2025,P00218,PGM2025-10,True,4,More examples needed.
AM-2025,P00218,PGM2025-02,True,3,Would value a deeper dive next time.
AM-2025,P00058,PGM2025-16,True,5,Good moderation.
AM-2025,P00058,PGM2025-13,True,4,Good moderation.
AM-2025,P00058,PGM2025-09,True,3,Too salesy.
AM-2025,P00058,PGM2025-14,True,1,Strong speakers.
AM-2025,P00089,PGM2025-22,True,5,Great insights on AI.
AM-2025,P00089,PGM2025-13,True,3,Great insights on AI.
AM-2025,P00089,PGM2025-14,True,4,Great insights on AI.
AM-2025,P00089,PGM2025-01,True,2,Strong speakers.
AM-2025,P00089,PGM2025-04,True,4,More time for Q&A please.
AM-2025,P00089,PGM2025-05,True,5,Would value a deeper dive next time.
AM-2025,P00089,PGM2025-19,True,5,Would value a deeper dive next time.
AM-2025,P00089,PGM2025-08,True,4,Great insights on AI.
AM-2025,P00006,PGM2025-02,True,5,Very practical.
AM-2025,P00006,PGM2025-16,True,5,More examples needed.
AM-2025,P00006,PGM2025-11,True,3,Useful benchmarks for my team.
AM-2025,P00006,PGM2025-21,True,2,Strong speakers.
AM-2025,P00006,PGM2025-22,True,4,Speaker was excellent.
AM-2025,P00006,PGM2025-17,True,4,More examples needed.
AM-2025,P00006,PGM2025-08,True,4,Strong speakers.
AM-2025,P00006,PGM2025-12,True,1,Very practical.
AM-2025,P00006,PGM2025-20,True,4,Very practical.
AM-2025,P00006,PGM2025-05,True,4,Loved the practical templates.
AM-2024,P00019,PGM2024-09,True,4,Loved the case study.
AM-2024,P00019,PGM2024-22,True,5,More examples needed.
AM-2024,P00019,PGM2024-16,True,5,Great insights on policy.
AM-2024,P00019,PGM2024-06,True,5,Useful benchmarks for my team.
AM-2024,P00019,PGM2024-01,True,5,Loved the case study.
AM-2024,P00019,PGM2024-02,True,5,Excellent peer discussion.
AM-2024,P00019,PGM2024-15,True,4,Too salesy.
AM-2024,P00019,PGM2024-11,True,4,Too salesy.
AM-2024,P00019,PGM2024-10,True,5,Great insights on AI.
AM-2025,P00107,PGM2025-16,True,4,Great insights on AI.
AM-2025,P00107,PGM2025-20,True,3,Great insights on policy.
AM-2025,P00107,PGM2025-06,True,4,Loved the case study.
AM-2025,P00107,PGM2025-03,True,3,Great insights on AI.
AM-2025,P00107,PGM2025-15,True,2,Loved the case study.
AM-2025,P00107,PGM2025-01,True,5,More examples needed.
AM-2025,P00107,PGM2025-17,True,4,Too salesy.
AM-2025,P00107,PGM2025-19,True,5,More time for Q&A please.
AM-2025,P00107,PGM2025-07,True,4,Speaker was excellent.
AM-2025,P00107,PGM2025-14,True,5,Loved the practical templates.
AM-2025,P00135,PGM2025-20,True,4,Useful benchmarks for my team.
AM-2025,P00135,PGM2025-02,True,4,Loved the case study.
AM-2025,P00135,PGM2025-17,True,3,More time for Q&A please.
AM-2025,P00135,PGM2025-10,True,3,Too salesy.
AM-2025,P00135,PGM2025-21,True,3,
AM-2025,P00328,PGM2025-18,True,4,Speaker was excellent.
AM-2025,P00328,PGM2025-13,True,4,Too salesy.
AM-2025,P00328,PGM2025-06,True,3,Too salesy.
AM-2025,P00328,PGM2025-04,True,4,Very practical.
AM-2025,P00328,PGM2025-08,True,3,Would value a deeper dive next time.
AM-2025,P00328,PGM2025-14,True,3,Strong speakers.
AM-2025,P00328,PGM2025-15,True,5,Speaker was excellent.
AM-2025,P00328,PGM2025-02,True,4,Good moderation.
AM-2025,P00328,PGM2025-22,True,3,Great insights on AI.
AM-2025,P00328,PGM2025-16,True,4,Very practical.
AM-2024,P00122,PGM2024-15,True,4,Made me re-think our approach.
AM-2024,P00122,PGM2024-04,True,3,Very practical.
AM-2024,P00122,PGM2024-07,True,5,More time for Q&A please.
AM-2024,P00122,PGM2024-22,True,5,Made me re-think our approach.
AM-2024,P00122,PGM2024-03,True,5,Good moderation.
AM-2025,P00225,PGM2025-03,True,5,Loved the case study.
AM-2025,P00225,PGM2025-05,True,4,Very practical.
AM-2025,P00225,PGM2025-09,True,4,Strong speakers.
AM-2025,P00225,PGM2025-18,True,2,Good moderation.
AM-2025,P00225,PGM2025-14,True,2,Made me re-think our approach.
AM-2025,P00225,PGM2025-02,True,3,Great insights on AI.
AM-2025,P00225,PGM2025-13,True,3,Loved the case study.
AM-2025,P00225,PGM2025-11,True,5,Useful benchmarks for my team.
AM-2025,P00225,PGM2025-19,True,4,Great insights on AI.
AM-2025,P00191,PGM2025-13,True,4,Loved the case study.
AM-2025,P00191,PGM2025-02,True,5,Speaker was excellent.
AM-2025,P00191,PGM2025-05,True,5,Great insights on AI.
AM-2025,P00191,PGM2025-10,True,2,Useful benchmarks for my team.
AM-2025,P00191,PGM2025-18,True,5,Great insights on AI.
AM-2025,P00191,PGM2025-14,True,5,More examples needed.
AM-2025,P00282,PGM2025-10,True,4,Strong speakers.
AM-2025,P00282,PGM2025-09,True,3,Strong speakers.
AM-2025,P00282,PGM2025-14,True,4,Loved the case study.
AM-2025,P00282,PGM2025-07,True,5,More examples needed.
AM-2025,P00282,PGM2025-19,True,5,Too salesy.
AM-2025,P00282,PGM2025-22,True,5,Great insights on AI.
AM-2025,P00282,PGM2025-20,True,4,Very practical.
AM-2025,P00282,PGM2025-16,True,4,Too salesy.
AM-2025,P00282,PGM2025-11,True,3,Too salesy.
AM-2025,P00282,PGM2025-04,True,3,Strong speakers.
AM-2025,P00160,PGM2025-15,True,4,Loved the case study.
AM-2025,P00160,PGM2025-01,True,5,Very practical.
AM-2025,P00160,PGM2025-22,True,4,Strong speakers.
AM-2025,P00160,PGM2025-17,True,4,Loved the case study.
AM-2025,P00160,PGM2025-18,True,5,More examples needed.
AM-2024,P00332,PGM2024-03,True,4,Excellent peer discussion.
AM-2024,P00332,PGM2024-13,True,4,Loved the case study.
AM-2024,P00332,PGM2024-14,True,5,Great insights on AI.
AM-2024,P00332,PGM2024-12,True,4,Useful benchmarks for my team.
AM-2024,P00332,PGM2024-11,True,3,Good moderation.
AM-2025,P00273,PGM2025-09,True,5,More time for Q&A please.
AM-2025,P00273,PGM2025-08,True,4,Strong speakers.
AM-2025,P00273,PGM2025-05,True,5,Great insights on AI.
AM-2025,P00273,PGM2025-17,True,3,Loved the practical templates.
AM-2025,P00273,PGM2025-14,True,4,Strong speakers.
AM-2025,P00273,PGM2025-19,True,5,Loved the case study.
AM-2025,P00273,PGM2025-15,True,1,Loved the case study.
AM-2025,P00256,PGM2025-21,True,3,More examples needed.
AM-2025,P00256,PGM2025-11,True,4,Too salesy.
AM-2025,P00256,PGM2025-05,True,3,Loved the case study.
AM-2025,P00256,PGM2025-12,True,5,More examples needed.
AM-2024,P00228,PGM2024-19,True,5,Excellent peer discussion.
AM-2024,P00228,PGM2024-22,True,5,Great insights on AI.
AM-2024,P00228,PGM2024-13,True,4,Great insights on AI.
AM-2024,P00228,PGM2024-07,True,3,Loved the case study.
AM-2024,P00228,PGM2024-05,True,5,Great insights on AI.
AM-2024,P00228,PGM2024-11,True,4,Very practical.
AM-2024,P00228,PGM2024-12,True,3,Loved the practical templates.
AM-2024,P00228,PGM2024-08,True,4,Speaker was excellent.
AM-2024,P00228,PGM2024-06,True,1,Loved the case study.
AM-2025,P00070,PGM2025-19,True,4,More examples needed.
AM-2025,P00070,PGM2025-18,True,3,Too salesy.
AM-2025,P00070,PGM2025-02,True,2,Very practical.
AM-2025,P00070,PGM2025-15,True,4,More examples needed.
AM-2025,P00070,PGM2025-17,True,5,More examples needed.
AM-2025,P00030,PGM2025-17,True,4,Would value a deeper dive next time.
AM-2025,P00030,PGM2025-14,True,4,Too salesy.
AM-2025,P00030,PGM2025-12,True,5,Loved the case study.
AM-2025,P00030,PGM2025-07,True,4,Too salesy.
AM-2025,P00030,PGM2025-15,True,4,Loved the case study.
AM-2025,P00030,PGM2025-22,True,5,Great insights on AI.
AM-2024,P00033,PGM2024-08,True,5,Good moderation.
AM-2024,P00033,PGM2024-14,True,5,Very practical.
AM-2024,P00033,PGM2024-15,True,4,Very practical.
AM-2024,P00033,PGM2024-19,True,5,Strong speakers.
AM-2024,P00033,PGM2024-18,True,2,Strong speakers.
AM-2024,P00033,PGM2024-17,True,4,Strong speakers.
AM-2024,P00033,PGM2024-04,True,1,Good moderation.
AM-2024,P00033,PGM2024-12,True,5,Loved the case study.
AM-2025,P00198,PGM2025-02,True,4,Loved the case study.
AM-2025,P00198,PGM2025-01,True,3,
AM-2025,P00198,PGM2025-08,True,5,More examples needed.
AM-2025,P00198,PGM2025-17,True,1,Made me re-think our approach.
AM-2025,P00198,PGM2025-20,True,4,More time for Q&A please.
AM-2025,P00198,PGM2025-10,True,5,Very practical.
AM-2025,P00198,PGM2025-19,True,5,Too salesy.
AM-2025,P00198,PGM2025-14,True,3,More examples needed.
AM-2025,P00198,PGM2025-09,True,2,Loved the practical templates.
AM-2025,P00198,PGM2025-03,True,3,Strong speakers.
AM-2025,P00347,PGM2025-12,True,4,Very practical.
AM-2025,P00347,PGM2025-19,True,4,
AM-2025,P00347,PGM2025-06,True,5,Great insights on policy.
AM-2025,P00347,PGM2025-05,True,4,Loved the case study.
AM-2025,P00347,PGM2025-14,True,4,Loved the case study.
AM-2025,P00347,PGM2025-08,True,3,Useful benchmarks for my team.
AM-2025,P00347,PGM2025-10,True,5,Loved the case study.
AM-2025,P00347,PGM2025-04,True,4,Great insights on AI.
AM-2025,P00347,PGM2025-13,True,5,Very practical.
AM-2024,P00216,PGM2024-07,True,3,Very practical.
AM-2024,P00216,PGM2024-20,True,4,Too salesy.
AM-2024,P00216,PGM2024-13,True,5,More examples needed.
AM-2024,P00216,PGM2024-04,True,5,Made me re-think our approach.
AM-2024,P00216,PGM2024-18,True,4,Very practical.
AM-2024,P00115,PGM2024-12,True,4,Loved the practical templates.
AM-2024,P00115,PGM2024-16,True,4,Strong speakers.
AM-2024,P00115,PGM2024-07,True,2,Very practical.
AM-2024,P00115,PGM2024-18,True,4,Excellent peer discussion.
AM-2024,P00115,PGM2024-08,True,1,More time for Q&A please.
AM-2024,P00115,PGM2024-06,True,5,More examples needed.
AM-2024,P00115,PGM2024-21,True,4,Good moderation.
AM-2024,P00115,PGM2024-19,True,5,Very practical.
AM-2025,P00239,PGM2025-13,True,4,Useful benchmarks for my team.
AM-2025,P00239,PGM2025-09,True,2,
AM-2025,P00239,PGM2025-22,True,3,Too salesy.
AM-2025,P00239,PGM2025-16,True,5,Too salesy.
AM-2025,P00239,PGM2025-19,True,3,Strong speakers.
AM-2025,P00239,PGM2025-07,True,4,More examples needed.
AM-2025,P00239,PGM2025-05,True,5,Too salesy.
AM-2025,P00289,PGM2025-18,True,5,Very practical.
AM-2025,P00289,PGM2025-08,True,4,Very practical.
AM-2025,P00289,PGM2025-05,True,5,More time for Q&A please.
AM-2025,P00289,PGM2025-03,True,5,Very practical.
AM-2025,P00289,PGM2025-14,True,4,Loved the practical templates.
AM-2025,P00289,PGM2025-09,True,5,More examples needed.
AM-2025,P00289,PGM2025-22,True,3,Loved the case study.
AM-2024,P00284,PGM2024-12,True,5,Would value a deeper dive next time.
AM-2024,P00284,PGM2024-08,True,2,Excellent peer discussion.
AM-2024,P00284,PGM2024-01,True,4,Great insights on policy.
AM-2024,P00284,PGM2024-21,True,4,Made me re-think our approach.
AM-2024,P00284,PGM2024-18,True,5,Loved the case study.
AM-2024,P00284,PGM2024-15,True,4,More examples needed.
AM-2024,P00284,PGM2024-14,True,5,Great insights on AI.
AM-2024,P00284,PGM2024-20,True,5,More time for Q&A please.
AM-2025,P00250,PGM2025-20,True,4,Would value a deeper dive next time.
AM-2025,P00250,PGM2025-05,True,4,Good moderation.
AM-2025,P00250,PGM2025-11,True,4,Loved the practical templates.
AM-2025,P00250,PGM2025-15,True,4,Too salesy.
AM-2025,P00250,PGM2025-12,True,3,Strong speakers.
AM-2025,P00161,PGM2025-06,True,5,Too salesy.
AM-2025,P00161,PGM2025-04,True,5,Very practical.
AM-2025,P00161,PGM2025-14,True,2,Very practical.
AM-2025,P00161,PGM2025-20,True,3,Excellent peer discussion.
AM-2025,P00161,PGM2025-05,True,4,Loved the case study.
AM-2025,P00161,PGM2025-01,True,4,Great insights on AI.
AM-2025,P00161,PGM2025-18,True,3,Useful benchmarks for my team.
AM-2025,P00390,PGM2025-06,True,5,
AM-2025,P00390,PGM2025-18,True,4,Loved the practical templates.
AM-2025,P00390,PGM2025-14,True,3,Strong speakers.
AM-2025,P00390,PGM2025-11,True,4,Very practical.
